seed,position,scoring,season,source,n,spearman,kendall,ndcg@12,top12_overlap,regret@12,mae,rmse
17,QB,qb_4pt,2021,model,33.0,0.472298823408823,0.36966841251027405,0.7673014027842004,0.5833333333333334,5.074999999999998,6.924548591181397,8.218642048337811
17,QB,qb_4pt,2021,consensus,33.0,0.43218851993461294,0.3165878199446962,0.8157944580317523,0.5833333333333334,5.344999999999999,36.584848484848486,38.42360180615003
17,QB,qb_4pt,2021,prior_ppg,33.0,0.08607002620507566,0.05876779891188972,0.6945269953669166,0.5,7.675000000000002,9.239815657406567,11.394475352020514
17,QB,qb_4pt,2022,model,35.0,0.5557812185350157,0.40370073150954217,0.8793426568741985,0.6666666666666666,1.3866666666666656,4.816908855001027,6.646510395075571
17,QB,qb_4pt,2022,consensus,35.0,0.391203866776285,0.2724979937689409,0.8411042988830414,0.5833333333333334,4.766666666666663,34.513714285714286,36.08372787203197
17,QB,qb_4pt,2022,prior_ppg,35.0,0.407171371542664,0.31959641244505416,0.7889577461438352,0.6666666666666666,5.181666666666662,5.654851588374277,7.7858662572479975
17,QB,qb_4pt,2023,model,36.0,0.3440411751450789,0.2476089055445268,0.5463715325676853,0.3333333333333333,8.266666666666667,6.399107937513836,8.560335637284904
17,QB,qb_4pt,2023,consensus,36.0,0.41524879744732257,0.2797659062645952,0.6590560478565209,0.4166666666666667,5.848333333333334,31.40444444444445,33.70140583945357
17,QB,qb_4pt,2023,prior_ppg,36.0,0.06669264625047086,0.048235501080102626,0.5488598015394668,0.3333333333333333,7.813333333333337,8.086205627932344,10.111811506800878
17,QB,qb_4pt,2024,model,32.0,0.7051705644643211,0.5237637847898708,0.859534133387055,0.6666666666666666,2.2683333333333358,4.343948977800984,5.499923200386744
17,QB,qb_4pt,2024,consensus,32.0,0.5683902105666655,0.41860657703283116,0.8266301459656398,0.5833333333333334,3.898333333333331,31.695,33.026033291935015
17,QB,qb_4pt,2024,prior_ppg,32.0,0.48514854747077324,0.3417609252103791,0.8014169140268097,0.5,4.396666666666666,6.218598183475023,7.401381142152489
17,QB,qb_4pt,2025,model,39.0,0.27342916962968883,0.1849555378859185,0.6836452975585205,0.5833333333333334,7.7783333333333315,9.186993678234828,11.383594490161428
17,QB,qb_4pt,2025,consensus,39.0,0.5755879039803031,0.43944821307771337,0.7986285472843945,0.5,6.991666666666663,35.94564102564103,37.80873484750886
17,QB,qb_4pt,2025,prior_ppg,39.0,0.3406871840475486,0.2532645464778099,0.7413156446855506,0.5,7.81166666666666,7.3466884086250595,9.075412822188575
17,QB,qb_6pt,2021,model,33.0,0.4438873584479242,0.3317537035348613,0.7499132388430965,0.5,7.203333333333333,8.868225000859166,10.56327147207026
17,QB,qb_6pt,2021,consensus,33.0,0.44054483315840676,0.3203792908422375,0.7943431986038465,0.5833333333333334,7.011666666666666,39.7969696969697,41.83352099438773
17,QB,qb_6pt,2021,prior_ppg,33.0,0.10579092541322893,0.07772515339959607,0.6761279977288579,0.5,10.008333333333331,11.845876263467172,14.155987138546939
17,QB,qb_6pt,2022,model,35.0,0.5345660971136165,0.39090268065860356,0.7831870807843022,0.5833333333333334,5.425000000000002,5.781462393138408,8.271839737566516
17,QB,qb_6pt,2022,consensus,35.0,0.4325838857145828,0.3268755174472806,0.8260902318002683,0.5833333333333334,6.050000000000002,37.428,39.026891681066715
17,QB,qb_6pt,2022,prior_ppg,35.0,0.44953422579601554,0.3605740244006085,0.7775923916066839,0.6666666666666666,6.298333333333332,8.021814373488322,9.753571447099667
17,QB,qb_6pt,2023,model,37.0,0.41793761718032346,0.30972700001043774,0.5467174081039143,0.4166666666666667,8.888333333333335,7.564685042762705,10.267114428634322
17,QB,qb_6pt,2023,consensus,37.0,0.4650358802433308,0.3188814926215837,0.6278679619874166,0.4166666666666667,8.008333333333335,34.23135135135136,36.940921131640096
17,QB,qb_6pt,2023,prior_ppg,37.0,0.13273146863211183,0.09307067487998374,0.5288032122289535,0.25,9.973333333333338,8.686319511128334,10.817618917826803
17,QB,qb_6pt,2024,model,32.0,0.6266960450699557,0.4590516569393849,0.802168657179867,0.5,4.625,5.340328918524559,6.741770983237236
17,QB,qb_6pt,2024,consensus,32.0,0.5797580147779988,0.43478460899545274,0.7997518239712694,0.5833333333333334,5.226666666666664,33.82,35.22600424402405
17,QB,qb_6pt,2024,prior_ppg,32.0,0.46424645585638613,0.31749387726644684,0.7777619037571855,0.5,5.724999999999999,6.632510560926002,8.52756019164299
17,QB,qb_6pt,2025,model,39.0,0.2324884468502853,0.15182917289142567,0.617228764995608,0.4166666666666667,11.298333333333327,10.684053048993158,13.193161804760988
17,QB,qb_6pt,2025,consensus,39.0,0.5899902797274755,0.4558761836600578,0.8008844795964238,0.5,7.50833333333333,37.99692307692308,39.770043100368
17,QB,qb_6pt,2025,prior_ppg,39.0,0.37233184061880054,0.2696925170601543,0.7493335901357029,0.5,8.49499999999999,8.486697314751613,10.137922431251301
17,RB,half_ppr,2021,model,60.0,0.5773719731400345,0.40752396098863725,0.6903294923530185,0.5,6.25,4.677304733801616,5.76776693860179
17,RB,half_ppr,2021,consensus,60.0,0.6519280977902817,0.4735473960091427,0.7250924633264516,0.4166666666666667,5.775000000000001,44.36333333333334,48.98588231997732
17,RB,half_ppr,2021,prior_ppg,60.0,0.6349645632745597,0.4553340346241757,0.7832507368663216,0.5,4.36666666666667,5.386630933880934,6.475752849295064
17,RB,half_ppr,2022,model,62.0,0.5110378865817863,0.3341376726886156,0.6409377077472919,0.3333333333333333,7.349999999999999,4.971217625069157,6.252601787434485
17,RB,half_ppr,2022,consensus,62.0,0.5384810671374135,0.3884084411826264,0.6650930459507245,0.3333333333333333,5.958333333333333,48.40806451612904,53.75619544189392
17,RB,half_ppr,2022,prior_ppg,62.0,0.5016696731322707,0.34327357786571944,0.6064060481470352,0.25,6.849999999999997,6.146524959201666,7.129642899136938
17,RB,half_ppr,2023,model,60.0,0.43614183065249157,0.308665846526086,0.6528901611506953,0.4166666666666667,5.283333333333331,4.728218015241036,6.06682780213803
17,RB,half_ppr,2023,consensus,60.0,0.4981855993310422,0.3690322297950253,0.816737327571256,0.5,3.6083333333333294,44.06666666666667,48.91799941398531
17,RB,half_ppr,2023,prior_ppg,60.0,0.2646385041439208,0.18223813817038287,0.8079532063817462,0.5,3.4833333333333294,5.923788436781083,7.120949790429047
17,RB,half_ppr,2024,model,58.0,0.46135388443394654,0.3422170893746205,0.6207723803820623,0.3333333333333333,5.108333333333332,5.13653689833323,6.922202215692222
17,RB,half_ppr,2024,consensus,58.0,0.501192070760676,0.3567537444984981,0.5487319427564505,0.16666666666666666,6.558333333333333,42.31206896551724,46.251674713388525
17,RB,half_ppr,2024,prior_ppg,58.0,0.4929783288693735,0.33737153766666117,0.5610983284498398,0.3333333333333333,5.650000000000001,5.370506519342727,6.993964829412022
17,RB,half_ppr,2025,model,63.0,0.6228985941143949,0.43482084482388905,0.8678339528141586,0.6666666666666666,1.6166666666666647,3.5860337610904933,4.797477984644732
17,RB,half_ppr,2025,consensus,63.0,0.7886723062990656,0.5837120817187811,0.8117234108215181,0.4166666666666667,2.741666666666665,44.48888888888889,49.26647979860172
17,RB,half_ppr,2025,prior_ppg,63.0,0.5674001711456578,0.3984559423080332,0.7303125685146301,0.4166666666666667,4.466666666666664,5.779012832794345,6.867452915615063
17,RB,ppr,2021,model,60.0,0.5818460727043205,0.4068247486446294,0.6864499640777677,0.5,6.88333333333333,4.997345922734363,6.279062526887502
17,RB,ppr,2021,consensus,60.0,0.6226578666137259,0.44659811792552895,0.7338487463398923,0.5,6.283333333333331,45.83500000000001,50.5620559313009
17,RB,ppr,2021,prior_ppg,60.0,0.6256325682133895,0.4420525900077119,0.7900446220840889,0.5833333333333334,4.75,5.129812752062752,6.3049008687461425
17,RB,ppr,2022,model,59.0,0.5725937676743897,0.394485772257969,0.655702106035657,0.3333333333333333,8.108333333333334,5.457715346753558,6.774705903484379
17,RB,ppr,2022,consensus,59.0,0.49237743548985274,0.3545675691128174,0.6771578261864225,0.3333333333333333,6.358333333333337,47.969491525423734,52.84283701438458
17,RB,ppr,2022,prior_ppg,59.0,0.44561057496815215,0.3094565190704329,0.6105794267210213,0.25,7.375,6.344992330008531,7.431979793159405
17,RB,ppr,2023,model,60.0,0.4294794217609947,0.3081848222247614,0.6159167799153897,0.4166666666666667,7.391666666666666,4.982467887575838,6.281448072110281
17,RB,ppr,2023,consensus,60.0,0.5163598021003941,0.37996169394439155,0.8426860314498263,0.6666666666666666,3.2166666666666592,45.108333333333334,49.72638300406201
17,RB,ppr,2023,prior_ppg,60.0,0.2855594575303952,0.19311396438852885,0.833380948734327,0.6666666666666666,3.1333333333333306,5.709511475996769,6.975154370661971
17,RB,ppr,2024,model,58.0,0.4588761928432383,0.3400005619848644,0.6498644438441893,0.3333333333333333,4.425,5.588879700635118,7.351812630944075
17,RB,ppr,2024,consensus,58.0,0.4972081676543588,0.35454604057245215,0.5664962145777107,0.16666666666666666,6.850000000000001,43.724137931034484,47.811789773855054
17,RB,ppr,2024,prior_ppg,58.0,0.5027149280806755,0.34606117806302594,0.5859264735731451,0.3333333333333333,5.650000000000001,5.48220708044491,7.1871879308230735
17,RB,ppr,2025,model,63.0,0.626732468591221,0.43998498787405405,0.8683187897921748,0.6666666666666666,1.4249999999999972,3.9709932934416425,5.154492979077574
17,RB,ppr,2025,consensus,63.0,0.8107901824634683,0.6044110917088088,0.8504715663001657,0.4166666666666667,2.6583333333333314,45.457142857142856,49.931654876742854
17,RB,ppr,2025,prior_ppg,63.0,0.5934040607802786,0.41708505129905815,0.7567970410934464,0.4166666666666667,4.674999999999997,5.4890147822920925,6.560554143303291
17,TE,half_ppr,2021,model,38.0,0.4728080436040954,0.35305562572995425,0.6796840141610951,0.5833333333333334,4.175,4.468561653869644,6.840864970297672
17,TE,half_ppr,2021,consensus,38.0,0.5659003508907088,0.4366361412088822,0.7704772143901534,0.6666666666666666,3.758333333333333,28.347368421052632,30.341087306610625
17,TE,half_ppr,2021,prior_ppg,38.0,0.3801543337605285,0.27812137047298435,0.7240868606380185,0.5833333333333334,4.383333333333333,4.810955507212086,6.140589530121689
17,TE,half_ppr,2022,model,39.0,0.2228604225131505,0.14846212233835807,0.4601927015801569,0.3333333333333333,5.208333333333333,4.060638158080467,5.019176666130071
17,TE,half_ppr,2022,consensus,39.0,0.4326833065977438,0.32328667761530305,0.7397589051663096,0.5833333333333334,3.1749999999999994,27.98205128205128,31.84819360493521
17,TE,half_ppr,2022,prior_ppg,39.0,0.3132064895922933,0.20118698821553194,0.6557393365490349,0.5,3.258333333333333,4.869330074149079,5.852313107993842
17,TE,half_ppr,2023,model,39.0,0.3619586850276624,0.267354504029899,0.4181256004795424,0.5,3.3333333333333326,2.750274923380092,3.789238479738128
17,TE,half_ppr,2023,consensus,39.0,0.3262927109962204,0.2534297902783418,0.3761844866789027,0.5,3.491666666666666,27.65897435897436,31.99057954284635
17,TE,half_ppr,2023,prior_ppg,39.0,0.27625844456925475,0.22279542002491584,0.3822131657684529,0.5,3.516666666666666,5.441421442852438,6.416403469140898
17,TE,half_ppr,2024,model,41.0,0.18303114310533763,0.1549872948036899,0.3922877219488408,0.5833333333333334,4.141666666666668,3.191040302050223,4.472509946203025
17,TE,half_ppr,2024,consensus,41.0,0.16977686309008688,0.11808555794566848,0.4593300990814759,0.5833333333333334,3.8333333333333344,28.173170731707316,32.64039469512675
17,TE,half_ppr,2024,prior_ppg,41.0,0.06984656771194639,0.044282084229625686,0.3451884317145166,0.5,4.866666666666668,5.636694980453948,6.6982602829319395
17,TE,half_ppr,2025,model,37.0,0.39309657852407137,0.28745149167709055,0.7502415898397468,0.5,3.6250000000000013,3.5239096606178917,4.201232900990243
17,TE,half_ppr,2025,consensus,37.0,0.5909846828365224,0.44209958691002116,0.776520988782609,0.5833333333333334,2.8416666666666686,28.700000000000003,31.723377857704605
17,TE,half_ppr,2025,prior_ppg,37.0,0.5042705513324081,0.37245376157488086,0.7649974561188311,0.5833333333333334,2.9083333333333337,4.245425257484081,4.988955746250703
17,TE,ppr,2021,model,36.0,0.42044255763307303,0.3031439794639689,0.7121103719926634,0.5833333333333334,4.208333333333336,5.9652519133706035,8.572020483377289
17,TE,ppr,2021,consensus,36.0,0.5454668620181377,0.42183527301070806,0.7840567832404233,0.6666666666666666,4.133333333333333,28.80833333333333,30.345597337633308
17,TE,ppr,2021,prior_ppg,36.0,0.3434946094703064,0.24219439629131911,0.7342590755217413,0.5833333333333334,4.966666666666669,5.22627822871573,6.816373419355771
17,TE,ppr,2022,model,40.0,0.2775911243957813,0.19335745866220214,0.5481605301565239,0.4166666666666667,5.550000000000003,4.516443075082944,5.61667209510087
17,TE,ppr,2022,consensus,40.0,0.4149713681484181,0.3091088624871939,0.7561651477364446,0.5833333333333334,3.7166666666666686,29.9775,33.775890069693205
17,TE,ppr,2022,prior_ppg,40.0,0.29646203699916546,0.19861888610879266,0.6806999594082073,0.5,3.8000000000000007,4.579075894693542,5.660637412326842
17,TE,ppr,2023,model,39.0,0.24291052439675803,0.17395816276756712,0.4243391963655372,0.4166666666666667,4.208333333333335,3.443428179965213,4.677179117471861
17,TE,ppr,2023,consensus,39.0,0.2287771786909609,0.17671940344641737,0.39376510385027774,0.4166666666666667,4.491666666666667,29.11794871794872,33.45847023952576
17,TE,ppr,2023,prior_ppg,39.0,0.19400304752993483,0.16567444073101628,0.41558716923067424,0.5,4.3500000000000005,4.774155325360077,6.043457631122652
17,TE,ppr,2024,model,41.0,0.2887186586729946,0.226894366311509,0.4640938764009206,0.5833333333333334,4.2,3.7154501972521854,5.227350335412902
17,TE,ppr,2024,consensus,41.0,0.22746737478407278,0.1677045316215501,0.5027903435780993,0.5833333333333334,4.2749999999999995,29.073170731707318,33.262591600775785
17,TE,ppr,2024,prior_ppg,41.0,0.1293082659877238,0.08138602269869344,0.3865797547465901,0.4166666666666667,5.474999999999999,5.258876552269665,6.550308296843063
17,TE,ppr,2025,model,38.0,0.36829434026885494,0.26056374660151516,0.7447518299358087,0.5,4.141666666666668,4.192153871751165,4.987140437416612
17,TE,ppr,2025,consensus,38.0,0.5805004262897584,0.4355372376386648,0.7810417600925138,0.5,3.4666666666666686,30.647368421052636,33.41630550620775
17,TE,ppr,2025,prior_ppg,38.0,0.48590360088154433,0.3667682001167704,0.768350705622556,0.6666666666666666,3.491666666666667,3.8676876733088026,4.70125734389223
17,WR,half_ppr,2021,model,85.0,0.5831201168593738,0.4174250465936343,0.5870683445371555,0.3333333333333333,9.308333333333332,5.480955735170643,6.965714223306118
17,WR,half_ppr,2021,consensus,85.0,0.4322582070756921,0.28968224289673333,0.5492262452735481,0.25,10.355000000000002,58.978117647058816,66.18172233906205
17,WR,half_ppr,2021,prior_ppg,85.0,0.3791540589896164,0.2564052901328897,0.5727531176136271,0.3333333333333333,9.09666666666667,6.610195910951794,7.8103448260572055
17,WR,half_ppr,2022,model,80.0,0.4036089769128264,0.2813573051104343,0.7717386847507804,0.4166666666666667,5.6166666666666645,5.338113923144353,6.4705148067735765
17,WR,half_ppr,2022,consensus,80.0,0.47055861111589525,0.3354033411203482,0.8997706993988525,0.5833333333333334,2.9833333333333343,57.6,64.671313192172
17,WR,half_ppr,2022,prior_ppg,80.0,0.3285925566621724,0.2311262834071025,0.7727701405602778,0.4166666666666667,5.425000000000002,5.958759339516692,7.228753867065633
17,WR,half_ppr,2023,model,77.0,0.42950882899510573,0.2995109361804631,0.6584226743819959,0.4166666666666667,6.216666666666666,5.281567175640465,6.674465400691169
17,WR,half_ppr,2023,consensus,77.0,0.47155303098166673,0.3450062682585081,0.6807909845112825,0.5,5.408333333333331,52.89220779220779,59.07903906753103
17,WR,half_ppr,2023,prior_ppg,77.0,0.38917534571222323,0.27538462371483313,0.523046177076816,0.3333333333333333,7.1833333333333345,6.740964599804745,8.068666038874678
17,WR,half_ppr,2024,model,76.0,0.32949978527069057,0.23405251014695008,0.5708393668237158,0.3333333333333333,8.94166666666667,5.216086001001436,6.475716025052886
17,WR,half_ppr,2024,consensus,76.0,0.42162844488341694,0.29820545720530084,0.5152490995410176,0.25,9.275000000000004,57.20789473684211,66.23108468798748
17,WR,half_ppr,2024,prior_ppg,76.0,0.3731231226856523,0.2636615626354197,0.5089749802661561,0.3333333333333333,9.366666666666669,6.264779620383916,7.715598504603772
17,WR,half_ppr,2025,model,90.0,0.11753666953943617,0.07517786470994182,0.4649925533004914,0.08333333333333333,9.549999999999999,5.622894824432066,6.897226667843862
17,WR,half_ppr,2025,consensus,90.0,0.35481555529953074,0.24400235057606093,0.46083501833860285,0.08333333333333333,8.891666666666667,58.27666666666667,67.0812517275381
17,WR,half_ppr,2025,prior_ppg,90.0,0.2094136764930632,0.13505010680897245,0.3756606926287933,0.08333333333333333,10.350000000000001,6.718849271915447,8.049352638495428
17,WR,ppr,2021,model,86.0,0.5827504701635228,0.4158675789107722,0.5886711213185264,0.4166666666666667,9.983333333333334,6.069719102727707,7.746094414561312
17,WR,ppr,2021,consensus,86.0,0.43204060723748694,0.29326120106456843,0.5795874901203331,0.16666666666666666,10.905000000000001,61.43534883720929,68.28556502437154
17,WR,ppr,2021,prior_ppg,86.0,0.37975805849562927,0.2557760836893386,0.5958332983039365,0.3333333333333333,9.813333333333338,6.860470003833377,8.402914864240493
17,WR,ppr,2022,model,79.0,0.3810775990872928,0.2633474843338862,0.8160887440852951,0.4166666666666667,5.2749999999999915,6.018262076502722,7.3564999083618465
17,WR,ppr,2022,consensus,79.0,0.43540769507268084,0.3115247744221621,0.9076536766963318,0.5833333333333334,3.183333333333328,58.624050632911406,65.10499698879796
17,WR,ppr,2022,prior_ppg,79.0,0.29224795301842055,0.20540452733582473,0.7931362004547218,0.4166666666666667,5.999999999999996,6.282643606083667,7.655589064493136
17,WR,ppr,2023,model,78.0,0.45354721743846793,0.32460448507210743,0.6600604243884972,0.4166666666666667,7.7,6.184724919997232,7.720303871341251
17,WR,ppr,2023,consensus,78.0,0.5098876214698445,0.378424917830177,0.7094445124679606,0.5,5.783333333333331,55.751282051282054,62.13742420779515
17,WR,ppr,2023,prior_ppg,78.0,0.41521446783114585,0.29096671459831386,0.548990323519722,0.3333333333333333,7.808333333333337,6.616785566473914,8.141310836398246
17,WR,ppr,2024,model,76.0,0.34526089015859524,0.23614393883110632,0.6198175593109413,0.3333333333333333,8.775,5.886914875914151,7.2722141681183805
17,WR,ppr,2024,consensus,76.0,0.4341500845240076,0.3037141866039415,0.553940945616396,0.25,9.691666666666665,58.89473684210526,67.43896265669073
17,WR,ppr,2024,prior_ppg,76.0,0.3999945380658011,0.2783753436891283,0.5346828883041572,0.3333333333333333,10.283333333333331,5.974187500945047,7.523209283987729
17,WR,ppr,2025,model,90.0,0.14415408488636627,0.09497029907441344,0.5098718916892244,0.08333333333333333,10.366666666666669,6.609095409041866,8.163830692524431
17,WR,ppr,2025,consensus,90.0,0.38233680255875985,0.2593381197016013,0.4907739503643146,0.16666666666666666,9.991666666666669,59.79222222222222,68.0571042907678
17,WR,ppr,2025,prior_ppg,90.0,0.2480178546638315,0.15945618503646844,0.40289141239871384,0.08333333333333333,11.783333333333337,6.6388358286593565,7.9847618148120425
101,QB,qb_4pt,2021,model,32.0,0.3478739002932551,0.25000000000000006,0.7309960485061932,0.5,6.073333333333328,7.046404355816035,8.430715251159711
101,QB,qb_4pt,2021,consensus,32.0,0.3775659824046921,0.2741935483870968,0.8157944580317523,0.5833333333333334,5.344999999999999,36.009375,37.7886039369014
101,QB,qb_4pt,2021,prior_ppg,32.0,0.032991202346041054,0.020161290322580648,0.6945269953669166,0.5,7.675000000000002,9.186309896700521,11.408026174142567
101,QB,qb_4pt,2022,model,36.0,0.5926879702107772,0.43436877885577496,0.8539872622358542,0.5833333333333334,2.4049999999999963,4.761463746835771,6.5706321947224575
101,QB,qb_4pt,2022,consensus,36.0,0.44001031324509915,0.3102634134684107,0.8411042988830414,0.5833333333333334,4.766666666666663,34.971666666666664,36.580292052779825
101,QB,qb_4pt,2022,prior_ppg,36.0,0.4526261736014537,0.3548140574536183,0.7889577461438352,0.6666666666666666,5.181666666666662,5.52055015536388,7.6781840448394085
101,QB,qb_4pt,2023,model,36.0,0.3591340950895762,0.25404030568854047,0.5476755088398858,0.3333333333333333,8.266666666666667,6.404343299112525,8.52598417673224
101,QB,qb_4pt,2023,consensus,36.0,0.41524879744732257,0.2797659062645952,0.6590560478565209,0.4166666666666667,5.848333333333334,31.40444444444445,33.70140583945357
101,QB,qb_4pt,2023,prior_ppg,36.0,0.06669264625047086,0.048235501080102626,0.5488598015394668,0.3333333333333333,7.813333333333337,8.086205627932344,10.111811506800878
101,QB,qb_4pt,2024,model,33.0,0.7295536921294762,0.5485803850589933,0.8799467151825116,0.75,1.5199999999999985,4.219019389215865,5.40168974978308
101,QB,qb_4pt,2024,consensus,33.0,0.6052853763907782,0.44953114886778617,0.8266301459656398,0.5833333333333334,3.898333333333331,32.79515151515152,34.60907395467264
101,QB,qb_4pt,2024,prior_ppg,33.0,0.5161400031892626,0.3657202567059955,0.8014169140268097,0.5,4.396666666666666,6.325186117309113,7.482836656187673
101,QB,qb_4pt,2025,model,40.0,0.3008105192442403,0.20644674368886304,0.6819671002077122,0.5833333333333334,7.7783333333333315,8.96283297968932,11.171625407945909
101,QB,qb_4pt,2025,consensus,40.0,0.6052330718953459,0.4618828690960038,0.7986285472843945,0.5,6.991666666666663,36.122,37.94717275371118
101,QB,qb_4pt,2025,prior_ppg,40.0,0.2906210102727691,0.21397963427046504,0.7025088406210674,0.5,9.338333333333326,7.644021198409433,9.46353422067127
101,QB,qb_6pt,2021,model,32.0,0.3357771260997067,0.22580645161290325,0.7005915997746021,0.4166666666666667,10.541666666666663,9.094101178291433,10.862715071313897
101,QB,qb_6pt,2021,consensus,32.0,0.3867302052785923,0.27822580645161293,0.7943431986038465,0.5833333333333334,7.011666666666666,39.321875,41.354577588218696
101,QB,qb_6pt,2021,prior_ppg,32.0,0.05425219941348973,0.040322580645161296,0.6761279977288579,0.5,10.008333333333331,11.873809896700523,14.244504167837535
101,QB,qb_6pt,2022,model,36.0,0.5813055667302054,0.43506321379771934,0.8130437388849625,0.5833333333333334,5.425000000000002,5.688756773610019,8.171928537400238
101,QB,qb_6pt,2022,consensus,36.0,0.4780481880995022,0.36175585909187646,0.8260902318002683,0.5833333333333334,6.050000000000002,37.805,39.40862835584218
101,QB,qb_6pt,2022,prior_ppg,36.0,0.491566922209507,0.3936286220074603,0.7775923916066839,0.6666666666666666,6.298333333333332,7.8217639742247576,9.618122158888289
101,QB,qb_6pt,2023,model,37.0,0.4191269672576721,0.3066755024733891,0.5467174081039143,0.4166666666666667,8.888333333333335,7.5463355089665525,10.220395621363595
101,QB,qb_6pt,2023,consensus,37.0,0.4650358802433308,0.3188814926215837,0.6278679619874166,0.4166666666666667,8.008333333333335,34.23135135135136,36.940921131640096
101,QB,qb_6pt,2023,prior_ppg,37.0,0.13273146863211183,0.09307067487998374,0.5288032122289535,0.25,9.973333333333338,8.686319511128334,10.817618917826803
101,QB,qb_6pt,2024,model,33.0,0.6767020262163825,0.4876270089413274,0.8244864413623298,0.5833333333333334,3.9366666666666674,5.182301082208213,6.621746239838568
101,QB,qb_6pt,2024,consensus,33.0,0.615655007044613,0.46476949289720265,0.7997518239712694,0.5833333333333334,5.226666666666664,34.85575757575758,36.6522908457633
101,QB,qb_6pt,2024,prior_ppg,33.0,0.4957352460962328,0.34286274066187084,0.7777619037571855,0.5,5.724999999999999,6.7265556954433965,8.566684494098327
101,QB,qb_6pt,2025,model,40.0,0.27405086772807297,0.18540758509636743,0.6174182921121638,0.4166666666666667,11.298333333333327,10.413056121870605,12.953068588301418
101,QB,qb_6pt,2025,consensus,40.0,0.6185927946077878,0.47753991550603786,0.8008844795964238,0.5,7.50833333333333,38.122,39.85398248607032
101,QB,qb_6pt,2025,prior_ppg,40.0,0.3197866021097902,0.22963668068049906,0.7075500422077317,0.4166666666666667,10.354999999999992,8.755529881882824,10.462431574042268
101,RB,half_ppr,2021,model,60.0,0.5771001368180758,0.4029625603287859,0.6848846010183073,0.5,6.416666666666667,4.611670625828907,5.7171792439695235
101,RB,half_ppr,2021,consensus,60.0,0.6465478746430857,0.4643447274874725,0.7250924633264516,0.4166666666666667,5.775000000000001,44.08166666666667,48.44498770082756
101,RB,half_ppr,2021,prior_ppg,60.0,0.615465980772645,0.43820047110506893,0.7832507368663216,0.5,4.36666666666667,5.491418812668813,6.580353091657253
101,RB,half_ppr,2022,model,58.0,0.5563695415363206,0.38115952261226066,0.7220238874680526,0.4166666666666667,5.466666666666664,4.992865772641629,6.325438629167145
101,RB,half_ppr,2022,consensus,58.0,0.5283310034857818,0.38115952261226066,0.6650930459507245,0.3333333333333333,5.958333333333333,45.77068965517241,50.54085578468449
101,RB,half_ppr,2022,prior_ppg,58.0,0.4837106932699734,0.33323545100427154,0.6064060481470352,0.25,6.849999999999997,6.367100398474636,7.311010453104305
101,RB,half_ppr,2023,model,61.0,0.4616874518923669,0.3293946641757168,0.6061989061114313,0.3333333333333333,6.791666666666664,4.7040019509297775,6.021919139209348
101,RB,half_ppr,2023,consensus,61.0,0.5194513291876159,0.3867766492247528,0.816737327571256,0.5,3.6083333333333294,45.63934426229508,51.720915641103055
101,RB,half_ppr,2023,prior_ppg,61.0,0.29461695252925174,0.2046991966653114,0.8079532063817462,0.5,3.4833333333333294,5.8539995553037985,7.065563373459211
101,RB,half_ppr,2024,model,58.0,0.45185504407041766,0.329597469887237,0.6164699732834241,0.3333333333333333,5.249999999999997,5.160902001206772,6.938699625748351
101,RB,half_ppr,2024,consensus,58.0,0.4947701983785762,0.35140906715918646,0.5487319427564505,0.16666666666666666,6.558333333333333,42.61206896551724,46.85293388671732
101,RB,half_ppr,2024,prior_ppg,58.0,0.492339877812021,0.3332327360992286,0.5610983284498398,0.3333333333333333,5.650000000000001,5.337512788935203,6.984018932737452
101,RB,half_ppr,2025,model,62.0,0.6476496823904976,0.44961637033048824,0.8078040282849871,0.5833333333333334,2.0416666666666643,3.8671524280562117,4.926714827288359
101,RB,half_ppr,2025,consensus,62.0,0.8027824339134708,0.5991571657189578,0.8117234108215181,0.4166666666666667,2.741666666666665,43.59032258064515,48.00414632629278
101,RB,half_ppr,2025,prior_ppg,62.0,0.5763178470124081,0.4078117015553656,0.7303125685146301,0.4166666666666667,4.466666666666664,5.870840228714992,6.922605507295068
101,RB,ppr,2021,model,61.0,0.5752261940192175,0.41889009481543643,0.667998312144266,0.5,5.791666666666664,4.973892294728566,6.334544610119505
101,RB,ppr,2021,consensus,61.0,0.6247156964338014,0.44414428139670786,0.7338487463398923,0.5,6.283333333333331,47.68196721311476,53.65391526208334
101,RB,ppr,2021,prior_ppg,61.0,0.6159604717949841,0.4353602164988743,0.7900446220840889,0.5833333333333334,4.75,5.157292225079112,6.339556919732551
101,RB,ppr,2022,model,59.0,0.579931340334127,0.40505235544345036,0.6655514603375571,0.4166666666666667,7.733333333333334,5.410708931181129,6.7396283494158435
101,RB,ppr,2022,consensus,59.0,0.49226050206101235,0.35339350431443056,0.6771578261864225,0.3333333333333333,6.358333333333337,47.86610169491526,52.70717154432962
101,RB,ppr,2022,prior_ppg,59.0,0.45446841162860935,0.31885178340653714,0.6105794267210213,0.25,7.375,6.303805889330565,7.392611972876902
101,RB,ppr,2023,model,59.0,0.4083865398538514,0.2930340698130949,0.6115107515289622,0.4166666666666667,7.391666666666666,4.976584243601437,6.3174066409388745
101,RB,ppr,2023,consensus,59.0,0.49453194629874947,0.3612910017374302,0.8426860314498263,0.6666666666666666,3.2166666666666592,44.09322033898305,48.24685640062337
101,RB,ppr,2023,prior_ppg,59.0,0.2596643615854361,0.17181917346470624,0.833380948734327,0.6666666666666666,3.1333333333333306,5.736400197232699,7.0135062755581
101,RB,ppr,2024,model,58.0,0.4829028961558267,0.36181877986624605,0.6285150694710412,0.3333333333333333,5.0666666666666655,5.575786023768968,7.337806878237294
101,RB,ppr,2024,consensus,58.0,0.5163433910351911,0.3751521352382015,0.5664962145777107,0.16666666666666666,6.850000000000001,43.28103448275861,46.968880012782634
101,RB,ppr,2024,prior_ppg,58.0,0.5192044453348975,0.365455149513143,0.5859264735731451,0.3333333333333333,5.650000000000001,5.475741563203531,7.185422269971087
101,RB,ppr,2025,model,62.0,0.6200797986701234,0.44173490484382816,0.872243729949017,0.6666666666666666,1.2833333333333314,3.988147292138214,5.251307981821689
101,RB,ppr,2025,consensus,62.0,0.8216141557274157,0.6190996301339358,0.8504715663001657,0.4166666666666667,2.6583333333333314,44.55806451612902,48.66413530019956
101,RB,ppr,2025,prior_ppg,62.0,0.5995767105753135,0.42556416717324075,0.7567970410934464,0.4166666666666667,4.674999999999997,5.560035758043347,6.611812591898802
101,TE,half_ppr,2021,model,40.0,0.46875368398932976,0.35021841415546323,0.6940330619740828,0.6666666666666666,3.7916666666666665,4.395626228736916,6.70864851843311
101,TE,half_ppr,2021,consensus,40.0,0.5442166367245806,0.4124794655608789,0.7704772143901534,0.6666666666666666,3.758333333333333,29.942499999999995,32.5061647999268
101,TE,half_ppr,2021,prior_ppg,40.0,0.34404716060243307,0.2464499951464371,0.7240868606380185,0.5833333333333334,4.383333333333333,4.816324398518148,6.0875089103025175
101,TE,half_ppr,2022,model,42.0,0.3489070733846282,0.2475453843576767,0.5972604301094978,0.5,3.391666666666668,3.513847627309952,4.426031789618239
101,TE,half_ppr,2022,consensus,42.0,0.44631437024924425,0.318952706768545,0.7643902819572495,0.5833333333333334,2.7166666666666663,29.640476190476186,33.69842796955145
101,TE,half_ppr,2022,prior_ppg,42.0,0.3340842238617518,0.2166022113129671,0.6775731564089649,0.5,2.7999999999999994,4.5716228239547565,5.575015490765711
101,TE,half_ppr,2023,model,38.0,0.3485006423392379,0.2689075809735163,0.40052339178846974,0.4166666666666667,3.3333333333333326,2.820498022452152,3.8423293874537476
101,TE,half_ppr,2023,consensus,38.0,0.29294735181483283,0.22798686212972036,0.3761844866789027,0.5,3.491666666666666,27.176315789473687,31.537984616715928
101,TE,half_ppr,2023,prior_ppg,38.0,0.2629155729768871,0.21337231968550752,0.3822131657684529,0.4166666666666667,3.516666666666666,5.411242130977038,6.411819393208373
101,TE,half_ppr,2024,model,41.0,0.20444163793948564,0.17151085660977922,0.396966045595962,0.5833333333333334,4.108333333333335,3.1758875905633954,4.51286816698262
101,TE,half_ppr,2024,consensus,41.0,0.22328901045119237,0.1616397281718063,0.4593300990814759,0.5833333333333334,3.8333333333333344,27.863414634146338,32.18790865239048
101,TE,half_ppr,2024,prior_ppg,41.0,0.10889593006763898,0.07279957223005017,0.3451884317145166,0.5,4.866666666666668,5.737304736551509,6.740248056762003
101,TE,half_ppr,2025,model,39.0,0.40597791860448385,0.2944939226176457,0.7566639211599422,0.5,3.6250000000000013,3.460410762219379,4.138788670326844
101,TE,half_ppr,2025,consensus,39.0,0.6254625725436807,0.46113971843961477,0.776520988782609,0.5833333333333334,2.8416666666666686,30.27948717948718,33.73227549775452
101,TE,half_ppr,2025,prior_ppg,39.0,0.5332592773849654,0.395652421146415,0.7649974561188311,0.5833333333333334,2.9083333333333337,4.216199576357948,4.938986468337293
101,TE,ppr,2021,model,38.0,0.4264263640019312,0.31558849810146933,0.6784658647493632,0.5,5.258333333333337,5.70019025508845,8.360574078201317
101,TE,ppr,2021,consensus,38.0,0.5937512885241597,0.4596928351341037,0.7840567832404233,0.6666666666666666,4.133333333333333,30.560526315789474,32.79619281498837
101,TE,ppr,2021,prior_ppg,38.0,0.38399206138718517,0.272357196991679,0.7342590755217413,0.5833333333333334,4.966666666666669,5.210797419685578,6.730553013783908
101,TE,ppr,2022,model,41.0,0.335965716742261,0.2375742535581688,0.5833851392070115,0.5,4.291666666666669,4.380843874188765,5.445335683232248
101,TE,ppr,2022,consensus,41.0,0.47706080789757443,0.34510786306344515,0.7735317704096855,0.5833333333333334,3.300000000000002,30.32195121951219,34.11988905709238
101,TE,ppr,2022,prior_ppg,41.0,0.36189007861809763,0.24007503517457057,0.6963333952841133,0.5,3.383333333333334,4.424446865903107,5.471702673518945
101,TE,ppr,2023,model,38.0,0.30293396897516267,0.22859184337258007,0.42222908253740415,0.4166666666666667,4.099999999999999,3.468384336692295,4.723623880001031
101,TE,ppr,2023,consensus,38.0,0.2801726870957221,0.21403185334884886,0.396474572519493,0.4166666666666667,4.383333333333333,28.913157894736845,33.51350474062657
101,TE,ppr,2023,prior_ppg,38.0,0.2685171514473129,0.22276784736308755,0.418446793924046,0.5,4.241666666666666,4.724796945615444,6.027607251356739
101,TE,ppr,2024,model,42.0,0.2616260607282473,0.18965380979822252,0.46041491868730416,0.5,4.616666666666667,3.7272830766281078,5.241845175574646
101,TE,ppr,2024,consensus,42.0,0.27437840209252384,0.20143354953724257,0.5027903435780993,0.5833333333333334,4.2749999999999995,30.071428571428566,34.64218457864562
101,TE,ppr,2024,prior_ppg,42.0,0.1798323807675689,0.11661942341629833,0.3865797547465901,0.4166666666666667,5.474999999999999,5.21920942347413,6.495560228377815
101,TE,ppr,2025,model,38.0,0.381541550486611,0.27201709810048286,0.7657146622291231,0.5,4.141666666666668,4.1743914363239,5.0400083892711836
101,TE,ppr,2025,consensus,38.0,0.5664860817848378,0.41547960169477893,0.7810417600925138,0.5,3.4666666666666686,30.923684210526318,33.91084673545899
101,TE,ppr,2025,prior_ppg,38.0,0.46510105825705284,0.34097981104605996,0.768350705622556,0.6666666666666666,3.491666666666667,3.6861725166388473,4.596897204686772
101,WR,half_ppr,2021,model,85.0,0.5752649674911792,0.4083813082788094,0.5615505049538085,0.3333333333333333,8.541666666666666,5.501264462708416,7.004992079442565
101,WR,half_ppr,2021,consensus,85.0,0.4322582070756921,0.28968224289673333,0.5492262452735481,0.25,10.355000000000002,58.978117647058816,66.18172233906205
101,WR,half_ppr,2021,prior_ppg,85.0,0.3791540589896164,0.2564052901328897,0.5727531176136271,0.3333333333333333,9.09666666666667,6.610195910951794,7.8103448260572055
101,WR,half_ppr,2022,model,81.0,0.3931095122437426,0.27721230085235393,0.7748713120055796,0.4166666666666667,5.649999999999999,5.310849131154011,6.4527823029709035
101,WR,half_ppr,2022,consensus,81.0,0.4720115536512465,0.33736799029906167,0.8997706993988525,0.5833333333333334,2.9833333333333343,58.00370370370371,65.06166021267539
101,WR,half_ppr,2022,prior_ppg,81.0,0.32516451881981484,0.22821952284936523,0.7727701405602778,0.4166666666666667,5.425000000000002,5.954820873470111,7.211866114901699
101,WR,half_ppr,2023,model,80.0,0.37099583553004845,0.25993458169301936,0.6047030780045793,0.3333333333333333,7.900000000000001,5.534372132915903,7.000778081011069
101,WR,half_ppr,2023,consensus,80.0,0.43330558451809753,0.3154298175391364,0.6679470805849453,0.4166666666666667,6.008333333333333,55.307500000000005,62.25445365594336
101,WR,half_ppr,2023,prior_ppg,80.0,0.35164942692878826,0.2516421901298065,0.5131783101393078,0.3333333333333333,7.783333333333336,6.7707645651325805,8.131194889987913
101,WR,half_ppr,2024,model,76.0,0.3349584122467754,0.2351516144863282,0.5705236974717566,0.3333333333333333,8.94166666666667,5.221697354663952,6.45889447725639
101,WR,half_ppr,2024,consensus,76.0,0.42060569467927134,0.29861082079448276,0.5152490995410176,0.25,9.275000000000004,56.82894736842106,65.46800544420233
101,WR,half_ppr,2024,prior_ppg,76.0,0.3749307907475235,0.26406080847115415,0.5089749802661561,0.3333333333333333,9.366666666666669,6.240437515120758,7.704582218650355
101,WR,half_ppr,2025,model,91.0,0.12715334564159753,0.0845411484901368,0.39833478398481403,0.08333333333333333,10.825000000000003,5.69553931042645,6.975592007438792
101,WR,half_ppr,2025,consensus,91.0,0.3991597648638361,0.27273199608938625,0.4609595029293447,0.08333333333333333,8.883333333333335,58.628571428571426,67.4013222552662
101,WR,half_ppr,2025,prior_ppg,91.0,0.2629430729250606,0.16999219046517702,0.3757621692217577,0.08333333333333333,10.341666666666669,6.676431406613209,8.005769826399963
101,WR,ppr,2021,model,86.0,0.5551529130118102,0.39764230652822835,0.5520080565646105,0.3333333333333333,10.425000000000002,6.1633079048851,7.81982967194924
101,WR,ppr,2021,consensus,86.0,0.40338523817578403,0.2722745237755786,0.5795874901203331,0.16666666666666666,10.905000000000001,61.9713953488372,69.17584700820314
101,WR,ppr,2021,prior_ppg,86.0,0.3560231798396525,0.238650687157223,0.5958332983039365,0.3333333333333333,9.813333333333338,6.916490675668004,8.451236258309635
101,WR,ppr,2022,model,81.0,0.398402966393259,0.27722028122849013,0.8160887440852951,0.4166666666666667,5.2749999999999915,6.0200314976261176,7.328574254647662
101,WR,ppr,2022,consensus,81.0,0.47239337952594146,0.34040792074872694,0.9076536766963318,0.5833333333333334,3.183333333333328,60.20987654320987,67.17210987961457
101,WR,ppr,2022,prior_ppg,81.0,0.3327479104414528,0.2375731348628513,0.7931362004547218,0.4166666666666667,5.999999999999996,6.236163117625536,7.592096219944127
101,WR,ppr,2023,model,80.0,0.44341205798784905,0.3201425009374613,0.6350175353308184,0.4166666666666667,8.25833333333334,6.387774638322243,7.878375958289066
101,WR,ppr,2023,consensus,80.0,0.4850164131190471,0.36487299009040003,0.6989471062220817,0.4166666666666667,6.341666666666669,57.4975,64.49308490063102
101,WR,ppr,2023,prior_ppg,80.0,0.3928882924477059,0.2792460537119174,0.5408671026761422,0.3333333333333333,8.366666666666674,6.752649409454923,8.331925351027639
101,WR,ppr,2024,model,76.0,0.3341582865861118,0.22628994436423452,0.5956978067919703,0.3333333333333333,9.483333333333334,5.924407746086284,7.326479232661174
101,WR,ppr,2024,consensus,76.0,0.4341500845240076,0.3037141866039415,0.553940945616396,0.25,9.691666666666665,58.89473684210526,67.43896265669073
101,WR,ppr,2024,prior_ppg,76.0,0.3999945380658011,0.2783753436891283,0.5346828883041572,0.3333333333333333,10.283333333333331,5.974187500945047,7.523209283987729
101,WR,ppr,2025,model,91.0,0.11002848382197013,0.07056880346076598,0.44050720703231777,0.08333333333333333,11.716666666666669,6.680139673615291,8.312843876954595
101,WR,ppr,2025,consensus,91.0,0.3927833225084703,0.2659452573696469,0.4907739503643146,0.16666666666666666,9.991666666666669,60.33076923076924,68.63637983870244
101,WR,ppr,2025,prior_ppg,91.0,0.2586322198341372,0.16531732214869943,0.40289141239871384,0.08333333333333333,11.783333333333337,6.601046423948815,7.94785057095247
2024,QB,qb_4pt,2021,model,33.0,0.3798779991536641,0.2672986982766597,0.7151065983021955,0.4166666666666667,6.601666666666669,6.744642294477818,8.230035872922873
2024,QB,qb_4pt,2021,consensus,33.0,0.43218851993461294,0.3165878199446962,0.8157944580317523,0.5833333333333334,5.344999999999999,36.584848484848486,38.42360180615003
2024,QB,qb_4pt,2021,prior_ppg,33.0,0.08607002620507566,0.05876779891188972,0.6945269953669166,0.5,7.675000000000002,9.239815657406567,11.394475352020514
2024,QB,qb_4pt,2022,model,35.0,0.5588626668232642,0.40706490427212166,0.8597498024106168,0.6666666666666666,2.1783333333333297,4.809876424214825,6.586361818691559
2024,QB,qb_4pt,2022,consensus,35.0,0.391203866776285,0.2724979937689409,0.8411042988830414,0.5833333333333334,4.766666666666663,34.513714285714286,36.08372787203197
2024,QB,qb_4pt,2022,prior_ppg,35.0,0.407171371542664,0.31959641244505416,0.7889577461438352,0.6666666666666666,5.181666666666662,5.654851588374277,7.7858662572479975
2024,QB,qb_4pt,2023,model,37.0,0.4013106613620215,0.2901172503499708,0.5476755088398858,0.3333333333333333,8.266666666666667,6.21826719217122,8.412109623889567
2024,QB,qb_4pt,2023,consensus,37.0,0.45554826111930713,0.3084404451089164,0.6590560478565209,0.4166666666666667,5.848333333333334,32.39351351351352,35.072223243519126
2024,QB,qb_4pt,2023,prior_ppg,37.0,0.11929893104508227,0.08550824220841245,0.5488598015394668,0.3333333333333333,7.813333333333337,8.007118989339576,10.010237935134942
2024,QB,qb_4pt,2024,model,33.0,0.727881171056277,0.540961213044285,0.8298496026635583,0.75,1.5199999999999985,4.217591868758456,5.414822651657536
2024,QB,qb_4pt,2024,consensus,33.0,0.6052853763907782,0.44953114886778617,0.8266301459656398,0.5833333333333334,3.898333333333331,32.8860606060606,34.73885432768329
2024,QB,qb_4pt,2024,prior_ppg,33.0,0.3656131066013377,0.2666710205147884,0.6260845506989886,0.5,5.391666666666666,6.823588321165863,8.592555997952925
2024,QB,qb_4pt,2025,model,39.0,0.28775334310833867,0.1959976595507495,0.6819671002077122,0.5833333333333334,7.7783333333333315,9.155617567906855,11.318751320141411
2024,QB,qb_4pt,2025,consensus,39.0,0.5755879039803031,0.43944821307771337,0.7986285472843945,0.5,6.991666666666663,35.94564102564103,37.80873484750886
2024,QB,qb_4pt,2025,prior_ppg,39.0,0.3406871840475486,0.2532645464778099,0.7413156446855506,0.5,7.81166666666666,7.3466884086250595,9.075412822188575
2024,QB,qb_6pt,2021,model,33.0,0.41965405009892237,0.30142193635453113,0.7484277379171144,0.4166666666666667,8.934999999999997,8.707658246779276,10.565553679219178
2024,QB,qb_6pt,2021,consensus,33.0,0.44054483315840676,0.3203792908422375,0.7943431986038465,0.5833333333333334,7.011666666666666,39.7969696969697,41.83352099438773
2024,QB,qb_6pt,2021,prior_ppg,33.0,0.10579092541322893,0.07772515339959607,0.6761279977288579,0.5,10.008333333333331,11.845876263467172,14.155987138546939
2024,QB,qb_6pt,2022,model,35.0,0.5328850716509951,0.3875328299632708,0.7831870807843022,0.5833333333333334,5.425000000000002,5.76448636911466,8.203570871087734
2024,QB,qb_6pt,2022,consensus,35.0,0.4325838857145828,0.3268755174472806,0.8260902318002683,0.5833333333333334,6.050000000000002,37.428,39.026891681066715
2024,QB,qb_6pt,2022,prior_ppg,35.0,0.44953422579601554,0.3605740244006085,0.7775923916066839,0.6666666666666666,6.298333333333332,8.021814373488322,9.753571447099667
2024,QB,qb_6pt,2023,model,36.0,0.37781457110440847,0.2843579887000091,0.5467174081039143,0.4166666666666667,8.888333333333335,7.670367477301369,10.368540461648038
2024,QB,qb_6pt,2023,consensus,36.0,0.4255412325276352,0.2907841579361675,0.6278679619874166,0.4166666666666667,8.008333333333335,33.821111111111115,36.575026087937836
2024,QB,qb_6pt,2023,prior_ppg,36.0,0.13724639933598176,0.09478599623333636,0.5288032122289535,0.25,9.973333333333338,8.5692728308819,10.696754602447054
2024,QB,qb_6pt,2024,model,33.0,0.6666668997771875,0.48381742293397323,0.8264693156042129,0.5833333333333334,3.578333333333333,5.169510196602295,6.633790296106944
2024,QB,qb_6pt,2024,consensus,33.0,0.615655007044613,0.46476949289720265,0.7997518239712694,0.5833333333333334,5.226666666666664,34.946666666666665,36.77486130826905
2024,QB,qb_6pt,2024,prior_ppg,33.0,0.3465463663668672,0.2438135044706637,0.6117227143184407,0.5,6.719999999999999,7.224957899300147,9.551296109753668
2024,QB,qb_6pt,2025,model,39.0,0.25636206931470173,0.17391341622108758,0.6174182921121638,0.4166666666666667,11.298333333333327,10.636308708684863,13.122482632775448
2024,QB,qb_6pt,2025,consensus,39.0,0.5899902797274755,0.4558761836600578,0.8008844795964238,0.5,7.50833333333333,37.99692307692308,39.770043100368
2024,QB,qb_6pt,2025,prior_ppg,39.0,0.37233184061880054,0.2696925170601543,0.7493335901357029,0.5,8.49499999999999,8.486697314751613,10.137922431251301
2024,RB,half_ppr,2021,model,60.0,0.5732913537588179,0.40068914673031597,0.7208526926528135,0.5833333333333334,5.216666666666666,4.597476484443638,5.71530508591575
2024,RB,half_ppr,2021,consensus,60.0,0.6465478746430857,0.4643447274874725,0.7250924633264516,0.4166666666666667,5.775000000000001,44.08166666666667,48.44498770082756
2024,RB,half_ppr,2021,prior_ppg,60.0,0.615465980772645,0.43820047110506893,0.7832507368663216,0.5,4.36666666666667,5.491418812668813,6.580353091657253
2024,RB,half_ppr,2022,model,59.0,0.5373078341907994,0.3611314068292227,0.6029875451204348,0.16666666666666666,8.983333333333334,5.011471326096664,6.306940390487695
2024,RB,half_ppr,2022,consensus,59.0,0.5404363066432353,0.38696845056984996,0.6650930459507245,0.3333333333333333,5.958333333333333,46.547457627118646,51.48626441808352
2024,RB,half_ppr,2022,prior_ppg,59.0,0.5038083784518869,0.35125157277077246,0.6064060481470352,0.25,6.849999999999997,6.271510691590452,7.215824619062425
2024,RB,half_ppr,2023,model,60.0,0.46511969123655694,0.3337235905245136,0.6061989061114313,0.3333333333333333,6.791666666666664,4.627760389608753,5.943482884206633
2024,RB,half_ppr,2023,consensus,60.0,0.5503012526271442,0.4032018807019721,0.816737327571256,0.5,3.6083333333333294,43.82166666666667,48.46236856228414
2024,RB,half_ppr,2023,prior_ppg,60.0,0.2886105922662474,0.20046195198742117,0.8079532063817462,0.5,3.4833333333333294,5.923660231652878,7.120775773331439
2024,RB,half_ppr,2024,model,58.0,0.45277795061467924,0.3344444915032258,0.6192069387395438,0.3333333333333333,5.108333333333334,5.135153539518454,6.916930001085223
2024,RB,half_ppr,2024,consensus,58.0,0.4947701983785762,0.35140906715918646,0.5487319427564505,0.16666666666666666,6.558333333333333,42.61206896551724,46.85293388671732
2024,RB,half_ppr,2024,prior_ppg,58.0,0.492339877812021,0.3332327360992286,0.5610983284498398,0.3333333333333333,5.650000000000001,5.337512788935203,6.984018932737452
2024,RB,half_ppr,2025,model,62.0,0.6155826683853763,0.41829077619051647,0.8161371954174427,0.5,2.4666666666666637,4.045501979195089,5.141727752399013
2024,RB,half_ppr,2025,consensus,62.0,0.8050117655974092,0.6054799065942043,0.8117234108215181,0.4166666666666667,2.741666666666665,43.86129032258064,48.501686036539965
2024,RB,half_ppr,2025,prior_ppg,62.0,0.5825457785178971,0.4148956035459843,0.7303125685146301,0.4166666666666667,4.466666666666664,5.831935047874326,6.895354379354938
2024,RB,ppr,2021,model,60.0,0.5857070426515997,0.4207018021531682,0.7124803351502127,0.5833333333333334,5.93333333333333,5.011659209386539,6.286546442974168
2024,RB,ppr,2021,consensus,60.0,0.6410054386184688,0.46163495047077385,0.7338487463398923,0.5,6.283333333333331,45.306666666666665,49.49063211019502
2024,RB,ppr,2021,prior_ppg,60.0,0.6269931753870449,0.44571650390281603,0.7900446220840889,0.5833333333333334,4.75,5.226257196507197,6.400042604161805
2024,RB,ppr,2022,model,60.0,0.5971720330993692,0.41435397150799985,0.673441914216358,0.3333333333333333,7.458333333333333,5.290350515921636,6.524851187047122
2024,RB,ppr,2022,consensus,60.0,0.5466985656468519,0.39500227503647245,0.6771578261864225,0.3333333333333333,6.358333333333337,48.21166666666667,52.894201005403225
2024,RB,ppr,2022,prior_ppg,60.0,0.49620418280890555,0.34672099147833413,0.6105794267210213,0.25,7.375,6.325791068952833,7.403587090981787
2024,RB,ppr,2023,model,61.0,0.46159379489321906,0.32672693786267104,0.7225349195386859,0.5,5.608333333333332,4.947573036474853,6.252839390613125
2024,RB,ppr,2023,consensus,61.0,0.5340520546215248,0.3951629856582305,0.8426860314498263,0.6666666666666666,3.2166666666666592,45.74590163934426,50.47622228726554
2024,RB,ppr,2023,prior_ppg,61.0,0.3092646657457321,0.21193098672173258,0.833380948734327,0.6666666666666666,3.1333333333333306,5.697880140324692,6.9473036515932405
2024,RB,ppr,2024,model,58.0,0.46721324354453336,0.34606117806302594,0.6498550813759363,0.3333333333333333,4.425,5.5547389223808254,7.352750884333237
2024,RB,ppr,2024,consensus,58.0,0.4972081676543588,0.35454604057245215,0.5664962145777107,0.16666666666666666,6.850000000000001,43.724137931034484,47.811789773855054
2024,RB,ppr,2024,prior_ppg,58.0,0.5027149280806755,0.34606117806302594,0.5859264735731451,0.3333333333333333,5.650000000000001,5.48220708044491,7.1871879308230735
2024,RB,ppr,2025,model,63.0,0.6054522904977198,0.4296567017737241,0.8670689825422911,0.6666666666666666,1.283333333333336,3.963412998900354,5.226300606713861
2024,RB,ppr,2025,consensus,63.0,0.8086043109636705,0.6033761412093075,0.8504715663001657,0.4166666666666667,2.6583333333333314,45.633333333333326,50.23332385376091
2024,RB,ppr,2025,prior_ppg,63.0,0.5951575620933032,0.4181200017985595,0.7567970410934464,0.4166666666666667,4.674999999999997,5.433314926592237,6.524022120811999
2024,TE,half_ppr,2021,model,39.0,0.4500180387493309,0.32676568864836397,0.6858482431094027,0.5833333333333334,3.983333333333332,4.472778463492264,6.850162238789858
2024,TE,half_ppr,2021,consensus,39.0,0.515884223209377,0.38939577897263383,0.7704772143901534,0.6666666666666666,3.758333333333333,29.171794871794866,31.48708730045805
2024,TE,half_ppr,2021,prior_ppg,39.0,0.31666434836560664,0.22328988724304874,0.7240868606380185,0.5833333333333334,4.383333333333333,4.818940775036929,6.118668573800591
2024,TE,half_ppr,2022,model,40.0,0.2960043104654595,0.21059925059706253,0.5174109894057728,0.4166666666666667,3.991666666666667,3.794156642229177,4.72693771669232
2024,TE,half_ppr,2022,consensus,40.0,0.45424442160686074,0.326428838425447,0.7643902819572495,0.5833333333333334,2.7166666666666663,28.865,32.99843935703626
2024,TE,half_ppr,2022,prior_ppg,40.0,0.3378997245064745,0.2158642318619891,0.6775731564089649,0.5,2.7999999999999994,4.681882536581066,5.685128775148737
2024,TE,half_ppr,2023,model,39.0,0.29904244257107,0.21875684611682164,0.4133239340052309,0.4166666666666667,3.4000000000000004,2.7902047865396744,3.8318911821063466
2024,TE,half_ppr,2023,consensus,39.0,0.2500157564080578,0.1966042541049916,0.3741716246073408,0.5,3.5583333333333336,28.194871794871794,32.9234932875661
2024,TE,half_ppr,2023,prior_ppg,39.0,0.2234681109961363,0.1827588840975978,0.38016804585556396,0.4166666666666667,3.583333333333334,5.306987182626323,6.3338537191708335
2024,TE,half_ppr,2024,model,41.0,0.24457956088108332,0.1887853313762318,0.39120872097137166,0.5833333333333334,4.1416666666666675,3.168164669278865,4.471351210332298
2024,TE,half_ppr,2024,consensus,41.0,0.22328901045119237,0.1616397281718063,0.4593300990814759,0.5833333333333334,3.8333333333333344,27.863414634146338,32.18790865239048
2024,TE,half_ppr,2024,prior_ppg,41.0,0.10889593006763898,0.07279957223005017,0.3451884317145166,0.5,4.866666666666668,5.737304736551509,6.740248056762003
2024,TE,half_ppr,2025,model,37.0,0.34019341798643227,0.2390386088683174,0.7495504291786255,0.5,3.6250000000000013,3.5938342159105625,4.281724472834986
2024,TE,half_ppr,2025,consensus,37.0,0.5353500348537186,0.39667839647406006,0.776520988782609,0.5833333333333334,2.8416666666666686,28.510810810810813,31.432763935878256
2024,TE,half_ppr,2025,prior_ppg,37.0,0.4705813401871708,0.3421729679509068,0.7649974561188311,0.5833333333333334,2.9083333333333337,4.051153454168159,4.866111256753227
2024,TE,ppr,2021,model,37.0,0.42791896952856606,0.31995488854198134,0.7121103719926634,0.5833333333333334,4.208333333333336,5.796030928152852,8.473036020140954
2024,TE,ppr,2021,consensus,37.0,0.5676306552803336,0.43823205113096025,0.7840567832404233,0.6666666666666666,4.133333333333333,29.764864864864865,31.73898191456325
2024,TE,ppr,2021,prior_ppg,37.0,0.35384922279186004,0.24716894233337897,0.7342590755217413,0.5833333333333334,4.966666666666669,5.224216654966655,6.776726023908906
2024,TE,ppr,2022,model,39.0,0.29035001550242545,0.20955851372667741,0.5536322275209865,0.5,4.625000000000001,4.4540754190598175,5.564487387025982
2024,TE,ppr,2022,consensus,39.0,0.4433530873970859,0.31709511945484087,0.7735317704096855,0.5833333333333334,3.300000000000002,29.72051282051282,33.66000060941237
2024,TE,ppr,2022,prior_ppg,39.0,0.35033128621196014,0.22885995578045035,0.6963333952841133,0.5,3.383333333333334,4.400029000662485,5.4766189590292695
2024,TE,ppr,2023,model,38.0,0.22485857077650742,0.15799905924281005,0.4191852151388865,0.4166666666666667,4.208333333333333,3.4191739029361052,4.692683023755346
2024,TE,ppr,2023,consensus,38.0,0.19257906891698928,0.1493018633211875,0.39376510385027774,0.3333333333333333,4.491666666666667,28.673684210526314,33.06425164497308
2024,TE,ppr,2023,prior_ppg,38.0,0.1797331447075892,0.15509999393560256,0.41558716923067424,0.4166666666666667,4.3500000000000005,4.726416378813824,6.02845659993447
2024,TE,ppr,2024,model,41.0,0.23409856791164838,0.18743447651820308,0.42604182990717293,0.5,4.708333333333333,3.6310164775916585,5.248586667446522
2024,TE,ppr,2024,consensus,41.0,0.22746737478407278,0.1677045316215501,0.5027903435780993,0.5833333333333334,4.2749999999999995,28.902439024390244,33.03339035050415
2024,TE,ppr,2024,prior_ppg,41.0,0.10522656462968617,0.06658856402620372,0.3865797547465901,0.4166666666666667,5.474999999999999,5.30172208072495,6.576344218662527
2024,TE,ppr,2025,model,38.0,0.39277316272106605,0.27527737543973213,0.741916777414903,0.5,4.250000000000001,4.1644267520503995,5.046684686411063
2024,TE,ppr,2025,consensus,38.0,0.609614673850846,0.45625277265969155,0.7810417600925138,0.5,3.4666666666666686,31.15526315789474,34.25465392891123
2024,TE,ppr,2025,prior_ppg,38.0,0.49551040042663513,0.367297829562519,0.768350705622556,0.6666666666666666,3.491666666666667,3.7962054113756896,4.656575082710209
2024,WR,half_ppr,2021,model,85.0,0.5780529096704264,0.41177271014686867,0.5871355189812447,0.3333333333333333,9.308333333333332,5.465504968946907,6.955918472410974
2024,WR,half_ppr,2021,consensus,85.0,0.4322582070756921,0.28968224289673333,0.5492262452735481,0.25,10.355000000000002,58.978117647058816,66.18172233906205
2024,WR,half_ppr,2021,prior_ppg,85.0,0.3791540589896164,0.2564052901328897,0.5727531176136271,0.3333333333333333,9.09666666666667,6.610195910951794,7.8103448260572055
2024,WR,half_ppr,2022,model,81.0,0.3933128389073553,0.27225100687736775,0.77663905867292,0.4166666666666667,5.649999999999999,5.273765818737264,6.436741905353906
2024,WR,half_ppr,2022,consensus,81.0,0.4720115536512465,0.33736799029906167,0.8997706993988525,0.5833333333333334,2.9833333333333343,58.00370370370371,65.06166021267539
2024,WR,half_ppr,2022,prior_ppg,81.0,0.32516451881981484,0.22821952284936523,0.7727701405602778,0.4166666666666667,5.425000000000002,5.954820873470111,7.211866114901699
2024,WR,half_ppr,2023,model,78.0,0.42888814677640746,0.30648863068197363,0.6217247911161766,0.4166666666666667,7.341666666666666,5.4926088750941,6.9166066873767145
2024,WR,half_ppr,2023,consensus,78.0,0.45296563364679493,0.33334415144271606,0.6679470805849453,0.4166666666666667,6.008333333333333,54.13461538461539,60.98828702174012
2024,WR,half_ppr,2023,prior_ppg,78.0,0.37461885854646476,0.2695622896359527,0.5131783101393078,0.3333333333333333,7.783333333333336,6.859447279760627,8.189022607323325
2024,WR,half_ppr,2024,model,77.0,0.36012440808101126,0.25304992870583565,0.5710529145995754,0.3333333333333333,8.94166666666667,5.189214240952458,6.438074152435443
2024,WR,half_ppr,2024,consensus,77.0,0.44045155898530874,0.3127930597707141,0.5152490995410176,0.25,9.275000000000004,58.000000000000014,67.16422401109826
2024,WR,half_ppr,2024,prior_ppg,77.0,0.3934044897537526,0.2777712243188888,0.5089749802661561,0.3333333333333333,9.366666666666669,6.216721257967056,7.670901793298424
2024,WR,half_ppr,2025,model,89.0,0.12133324973754954,0.07938737129175008,0.4042455351651447,0.08333333333333333,10.65,5.740590833626296,7.0026984007422275
2024,WR,half_ppr,2025,consensus,89.0,0.39469849427635795,0.27164751951559035,0.4609595029293447,0.08333333333333333,8.883333333333335,57.66966292134832,66.43286718708315
2024,WR,half_ppr,2025,prior_ppg,89.0,0.2587774163606805,0.16828641744369266,0.3757621692217577,0.08333333333333333,10.341666666666669,6.753354958821747,8.08024120713794
2024,WR,ppr,2021,model,85.0,0.5777451797818719,0.4095025783590552,0.5616919483898877,0.4166666666666667,9.983333333333336,6.057488638197602,7.737115641539722
2024,WR,ppr,2021,consensus,85.0,0.41715989240111295,0.2829804024246712,0.5795874901203331,0.16666666666666666,10.905000000000001,61.00399999999999,67.85215516105586
2024,WR,ppr,2021,prior_ppg,85.0,0.38061627787940056,0.2598951355362933,0.5958332983039365,0.3333333333333333,9.813333333333338,6.80312259211377,8.371862468691287
2024,WR,ppr,2022,model,81.0,0.4355571403288959,0.30290183605020576,0.8168768494826986,0.4166666666666667,5.2749999999999915,5.9823640487741745,7.285133798688412
2024,WR,ppr,2022,consensus,81.0,0.46843939441996196,0.33700542045708665,0.9076536766963318,0.5833333333333334,3.183333333333328,59.5962962962963,66.13325399487475
2024,WR,ppr,2022,prior_ppg,81.0,0.3279640554036454,0.23159434138127294,0.7931362004547218,0.4166666666666667,5.999999999999996,6.282227932440351,7.628848183559383
2024,WR,ppr,2023,model,80.0,0.41073884933192367,0.2945822214214964,0.6588815637468575,0.4166666666666667,8.258333333333338,6.320382995991041,7.901722478882349
2024,WR,ppr,2023,consensus,80.0,0.4476957221974082,0.3342006546712421,0.6989471062220817,0.4166666666666667,6.341666666666669,57.17750000000001,63.897554726296065
2024,WR,ppr,2023,prior_ppg,80.0,0.3609309838377616,0.25432478118385154,0.5408671026761422,0.3333333333333333,8.366666666666674,6.7136395651325795,8.315901706467068
2024,WR,ppr,2024,model,76.0,0.34177423509580795,0.2340323685882052,0.619776051126911,0.3333333333333333,8.733333333333334,5.8864940711416525,7.279517447925248
2024,WR,ppr,2024,consensus,76.0,0.4341500845240076,0.3037141866039415,0.553940945616396,0.25,9.691666666666665,58.89473684210526,67.43896265669073
2024,WR,ppr,2024,prior_ppg,76.0,0.3999945380658011,0.2783753436891283,0.5346828883041572,0.3333333333333333,10.283333333333331,5.974187500945047,7.523209283987729
2024,WR,ppr,2025,model,90.0,0.14148006176035907,0.09190764409871201,0.4708881978668974,0.08333333333333333,11.458333333333334,6.6991679735057446,8.269355160537105
2024,WR,ppr,2025,consensus,90.0,0.39533902387744807,0.26738168418626673,0.4907739503643146,0.16666666666666666,9.991666666666669,59.93666666666668,68.27388064097264
2024,WR,ppr,2025,prior_ppg,90.0,0.2613186658914543,0.16752539644276998,0.40289141239871384,0.08333333333333333,11.783333333333337,6.626539532363061,7.978979699294242
