season,team,off_playcaller,continuity,confidence,caller_prior_seasons,plays_per_game,sec_per_play,proe,neutral_pass_rate,early_down_pass_rate,shotgun_rate,no_huddle_rate,adot,deep_rate,short_rate,rb_target_share,te_target_share,wr_target_share,rz_pass_rate,gl_rush_rate,qb_designed_run_rate,sack_rate,pa_rate,motion_rate,screen_rate,rpo_rate,heavy_backfield_rate
2026,ARI,Nathaniel Hackett,1.0,curated,0.0,0.3748543695658557,0.5061128016183665,0.9588986073052369,1.002871348192215,1.0022772616773,0.37511290195924185,0.13924863741249438,-0.28215270342160886,-0.3727294271956457,0.5449105812271657,0.22378512567062328,1.3448348236321221,-1.0037810948922756,1.0582572998121615,-0.061126487786227666,0.2292519933188148,0.4428205409898956,0.14368051399613607,-1.1736445121031065,0.14182290539526207,-0.46727978570015855,-0.8744969137359672
2026,ATL,Tommy Rees,1.0,curated,0.0,0.08202012093871262,0.037367955490214724,-0.5415129300437567,-0.20774176386418985,-0.34408457916277896,0.9469142688649346,0.07698920000445104,-0.04665241227127977,-0.09318106367685121,-0.49783977034989896,0.5591495528196649,0.10359796973030264,-0.4214860437034773,-0.21282708711829218,0.29202494423296105,-0.5811941965279629,-0.43414979626890043,-0.36638390473844845,1.095276437303086,0.18469051046092247,-0.18225637719264332,-0.3271478494642304
2026,BAL,Declan Doyle,0.0,curated,0.0,-0.6107349346409392,0.021305441779909687,-0.6194997921285649,-0.5663029719062512,-0.5866614566950331,-0.02589844367906881,0.03946715569336167,0.31685401505514554,0.13546979249695854,0.07658241663055157,0.23918307983650816,0.3541442224600178,-0.46788974298962605,-0.366005449690603,-0.2320873782176487,0.6626317893749251,0.5859359704199307,0.0,0.0,0.0,0.0,0.0
2026,BUF,Pete Carmichael Jr.,1.0,curated,0.0,0.2900865607527354,0.5061128016183665,-0.1318683633085445,-0.15723108622313361,-0.15027371249175775,-0.9751475433017837,-0.2324815337789665,-0.2236067622390484,-0.15670631911435423,0.3860989459208414,0.022543113789994386,0.18894022624510404,-0.13853812470553517,-0.420078545552959,0.15606993284529222,1.0232961105312472,-0.06580841175373214,0.25745513717281454,0.4597715179567159,0.24987822787212777,0.09246798485137578,0.8967974328044577
2026,CAR,Brad Idzik,1.0,curated,0.0,-0.2416387854386549,0.5061128016183665,-0.5008601270453465,-0.28384661065299693,-0.2823054004784381,0.09129153474762447,-0.22481817332671178,-0.502426074816047,-0.5934031942237894,0.01902614387835838,0.11526208249582631,-0.34313462935006167,0.14317184788019288,0.3849799110631925,-0.6644268508190078,-0.6182862564025691,-0.136747743131427,-0.15561525648934801,-1.2928165940062382,-0.06610546953309844,0.47537833495718246,-0.7034894151610152
2026,CHI,Press Taylor,1.0,curated,0.0,0.49815300056675726,-0.431376890637937,-0.16058301639101746,-0.07247460470536246,0.03596282154931757,-0.8625262171036578,-0.30453214822712626,0.40184623300845107,0.5470440763386522,-0.802471009355753,-0.3816520254574094,0.23478180820441566,0.08637578823800815,-0.2865055922135488,0.05423631334004084,-0.08301722245967866,-0.5246931637244419,0.9058286918608317,0.25671000019797785,0.25615497777013385,-0.1778605194365006,-0.035664315237163735
2026,CIN,Dan Pitcher,1.0,curated,0.0,0.19761258750205832,0.037367955490214724,0.6073972358483013,0.6565209286671068,0.5122733617259261,1.0362046066581236,-0.44664513275951423,-0.1890077574405209,-0.02063183478573775,0.29928821122411914,0.01263611977617015,-0.2711662631966142,0.16172452757883057,0.45337260076370645,-0.48294625380914696,-0.3643069012992322,-0.1650251859513303,-0.8119179318848739,-0.2561865055826068,-0.028362590179835848,0.3721394484771809,-0.3968569257569182
2026,CLE,Travis Switzer,0.0,curated,0.0,-0.20338698697309715,0.3191402817223028,-0.22927300402617107,-0.3233201993677236,-0.3466381875954587,0.058391985175182175,0.049827205886736135,-0.5027144550381897,-0.03046129413719495,0.3501224628330609,0.7830049353997774,0.5804572298487898,-1.0761359755605187,0.05520402746105249,-0.26809795294690186,-0.35585164474634456,0.6617774203094327,0.0,0.0,0.0,0.0,0.0
2026,DAL,Klayton Adams,1.0,curated,0.0,0.5906269738174335,-1.3688665828942403,0.24123351525901568,0.055484109134346905,-0.0007643533587607457,-0.17296708140597294,-0.04319454012504033,0.17711624578244184,-0.05558481740475171,-0.30461822870963307,-0.5445219929608085,-0.10099475702097518,0.4033876552680037,0.28988137681465315,-0.449949781625536,-0.5106400570072558,-0.3450584606969776,0.3809796439551276,0.3288723236822372,-0.1368842768808463,-0.12848082137461297,0.4649077813196276
2026,DEN,Davis Webb,1.0,curated,0.0,0.4287975206287497,-0.431376890637937,0.5861441804089654,0.4458140412491783,0.34842710922214,-0.020646296364380944,0.18604705146782452,-0.21458343986511227,0.036077172641342636,0.9060834669225821,0.22446711926859764,-0.46219498719675883,0.15057563586327322,0.34936854504671794,-0.3922059553042167,0.47929889084672805,-0.5464849336523155,0.09012010294532538,-0.9078440237900847,0.49257734636592565,0.3059828174940099,0.3019883924680999
2026,DET,Drew Petzing,1.0,curated,0.0,0.1822002586269456,-0.431376890637937,-0.2769698975508802,-0.18255845928171532,-0.19277624210201322,-0.8732261632697381,-0.23332360767957358,-0.6366458208057841,-0.901929512433473,0.43717641898395354,0.48808935315943114,-0.7904815707297864,0.19456874356931403,-0.11656236424736327,0.10223607940632197,-0.6721665827294478,-0.07903969664106598,0.24076420215693442,0.4261107639173828,0.3805420223220036,-0.2836386470171876,-0.18457012625932082
2026,GB,Adam Stenavich,1.0,curated,0.0,-0.2647572787513235,0.5061128016183665,-0.2637642431380964,-0.3171002280326562,-0.2936568262666367,-0.16263481278538866,-0.06704829262680158,0.46373418968001534,0.5161106099516227,-0.08681259075105506,-0.1424827131102722,-0.26516504582906764,0.25544779275219687,-0.3434820025973348,0.494256960859334,-0.4309762150702876,-0.31159204779902666,0.2375158514958199,-0.057131359789000614,-0.005393379131824111,0.3796689973637229,-0.43135490899866225
2026,HOU,Nick Caley,1.0,curated,0.0,0.3979728628785243,0.037367955490214724,0.23515933737396097,0.3297449405850921,0.3879645751188161,-0.23324057243175322,-0.3814918861210147,0.20639808364727363,-0.09626462048021063,-0.23404263948649806,-0.49612632974183923,-0.012233408812826002,0.3162272378763119,0.19073609642787798,-0.3254347922534188,-0.24609838050585844,-0.32583077947518957,-0.05389297086892958,-0.15295569668811904,-0.2419876934980137,-0.5596923836997654,0.26819404080475734
2026,IND,Jim Bob Cooter,1.0,curated,0.0,-0.13375248331286513,0.037367955490214724,0.2610871207993364,0.5188084057709812,0.7694160303794294,0.40108300823945536,-0.2917860624932627,0.11644913378828722,-0.24110169902309608,0.11997611685237361,-0.41924146904796766,0.31114831212368577,0.061214635835379345,-0.25413340002262663,0.4244567312401566,-0.1160059700784254,-0.32612918894454584,0.4926362906623133,-0.24798572869092528,-0.18374564615177963,0.3112073629468589,-0.5631037914630692
2026,JAX,Grant Udinski,1.0,curated,0.0,0.38256053400341156,0.5061128016183665,0.6001440706191927,0.5079180634770225,0.6004748047910531,-0.29623931382258784,-0.1847648460368484,0.43439633351362333,0.339062229368225,-0.795011775945264,-0.30792689384417155,-0.3096977928154009,0.38795876434681253,-0.3207960748430208,0.6677179570193316,0.5295089247740492,-0.05083615084040597,-0.16152903073893296,0.43909093722374953,0.12983263464724584,-0.19241283397358908,0.1331492674415064
2026,KC,Eric Bieniemy,1.0,curated,0.0,0.18990642306450242,-0.431376890637937,0.9335868639818601,0.6291478065209484,0.6911669974366483,0.9572292827095172,-0.4583097072225822,0.005189754019556347,0.3130382505354849,0.4451531812600646,-0.22594058278959508,0.36842603404138646,-0.09696085691472606,0.37014184188966126,-0.5042969122808955,-0.6722928233851906,0.1438696081351663,-0.8891550519766759,-0.5822347390524895,0.25262690887011713,0.9836284059830037,-0.8237383827545097
2026,LA,Nathan Scheelhaase,1.0,curated,0.0,0.2284372452522837,-0.431376890637937,0.8129275448272136,0.4936541070658933,0.5469970067630785,-1.5357416585182737,-0.20018265103351623,0.7129893317135304,0.6663334783254149,-0.13597469073336096,-0.8353195740284677,0.25282138662820214,0.3601711338103362,0.19073609642787798,0.025199417818462935,-0.7167692166919913,-0.531043851687339,1.2464153509479483,0.9100141417690301,0.03463295933639464,-0.7187058368569987,0.30739048314414474
2026,LAC,Mike McDaniel,1.0,curated,4.0,0.4210913561911938,0.5061128016183665,0.4535284498209774,0.6562455676587584,0.7376418841485222,0.373439235917096,-0.3763867012714701,0.11997116023917374,0.25113342301123165,-0.04456668720948039,-0.6054026823955703,-0.6022482411981974,0.7620040795392192,0.365136228192567,0.19112453508462118,0.18066657122340857,0.4610484670496525,-0.026367956309308233,-0.3334182565896384,-0.11734888030138156,-0.4575926617223814,0.6140330138871491
2026,LV,Andrew Janocko,0.0,curated,0.0,-0.6888564588512099,-0.12761197819128692,-0.06965397880612226,-0.043676222923106744,-0.15774605769795372,0.021105831979159273,0.0494234657252286,-0.8297508487506133,-0.11402514666088528,0.6528927590756328,0.3814907862154755,0.49932336718910425,-0.6970762442189741,0.386149059097293,-0.14656226323567245,0.19398451631655497,1.2231387193879173,0.0,0.0,0.0,0.0,0.0
2026,MIA,Bobby Slowik,0.0,curated,0.0,-0.7167570032120213,0.616975121664696,-0.3536482655218689,-0.39363886289964867,-0.42619269647917646,0.1919916048220472,0.040489553906770524,-0.3585258104098848,-0.13499788026346096,0.2274897797790128,0.9639997006836378,-0.47242196956832766,-0.35954954118277327,-0.05163552871209997,-0.16146018649059735,-0.5583933766215406,0.3870516940553962,0.0,0.0,0.0,0.0,0.0
2026,MIN,Wes Phillips,1.0,curated,0.0,-0.6577716650666987,0.037367955490214724,0.2239468677326621,0.07792077466273158,0.038210992273203404,-0.6106763968645956,-0.1496932758725899,-0.00591304675160513,0.15846103847211704,-0.1622973593592874,-0.1264481482722298,-0.4050571396130594,0.33476152349473215,0.6831354755299827,-0.5784623574985475,-0.4106691582272605,0.7047644700770435,0.25006129744552863,-0.383652717245159,0.222991130109977,-0.1869493210509445,0.23807901055757633
2026,NE,Josh McDaniels,1.0,curated,0.0,-0.07210316781241433,0.037367955490214724,0.7451444655828774,0.5165055474388258,0.49813222127160683,-0.6625435385888436,-0.46537513900251865,0.6569300883617357,0.5158067573830459,-0.8566321762506381,-0.10759084411646053,0.03371943832758467,0.04250070179787254,-0.04174249206525048,-0.0803892931690926,0.01516822163635451,0.21691906015124884,0.08921828071217183,-0.2602498839861276,-0.30356683257290207,-0.5951401218550874,0.8213796472234466
2026,NO,Doug Nussmeier,1.0,curated,0.0,0.3054988896278481,-1.3688665828942403,-0.07329224880141899,-0.06740316228096363,0.10124815271785938,0.8325307121475963,0.7866633590140123,0.1851824232198694,0.2007433275407169,-0.19785870125001026,-0.5249683947126131,0.18447155489789838,0.2086621172996319,-0.09725733707656474,0.04753549129659956,-0.022613636846834255,0.18050146579742943,-0.5299799640393942,0.5977319556586013,-0.15819594572586293,-0.03646753652512544,-0.41970033111707283
2026,NYG,Matt Nagy,0.0,curated,0.0,0.08119856550717588,-0.8721990780472698,-0.2973440489915081,-0.3193460498311087,-0.3896364137450091,0.37678058031439793,0.07127695191523309,0.5298998410126787,0.5646734251278097,0.07799490707048025,0.4296507526027661,-0.6569333577807626,0.20726157958556332,-0.0991702961510584,-0.2099514661046666,1.3712017869761073,0.5054174173764079,0.0,0.0,0.0,0.0,0.0
2026,NYJ,Frank Reich,1.0,curated,0.0,-0.1491648121879778,0.037367955490214724,-0.8822264885537024,-0.8455574856616577,-0.9316918653530126,0.4913826819468718,-0.007317435892114932,-0.4038108161543636,-0.44771159410789535,0.3791946174290874,0.18763200243405753,-0.12183372633515518,-0.04376625748708007,0.07545088667581337,-0.36195918913590663,1.1270635261959012,0.5814014494211471,-0.6068770211350191,0.7202663157911606,-0.024795566037882258,0.36238631233868046,-0.4338135229012132
2026,PHI,Sean Mannion,1.0,curated,0.0,-0.23393262100109813,0.5061128016183665,0.016912540695519136,-0.05600548755396347,0.02216615279116118,0.7510641396539213,0.579569343212616,0.5954416442520911,0.44076806365953647,-0.5741355866235638,-0.3857302745938113,-0.1378326501202993,0.32706064802048623,-0.6024261466663245,0.5466783577978176,1.6134427373439957,-0.13779014092609215,-0.11372207463887254,-0.8079021007440658,-0.29069570173245035,0.003355051198333743,-0.7513142011624155
2026,PIT,Brian Angelichio,0.0,curated,0.0,-0.49913275719769457,0.3191402817223028,0.008785204713267603,-0.07337596003084151,-0.16038080460252663,0.033122766205114604,0.05437417148718417,-0.987960922720567,-0.12715874113399514,0.6803964073365861,1.11605348433382,0.23338873172580205,-1.0530186450320929,0.003198754377757858,-0.20429171584850644,-0.4729681780031315,0.11851951242404662,0.0,0.0,0.0,0.0,0.0
2026,SEA,Brian Fleury,1.0,curated,0.0,-0.2416387854386549,0.037367955490214724,-0.6123433207258571,-0.4026012467863882,-0.2880498538316456,-1.200076789835724,-0.14987969001019313,0.04801364057925901,-0.08555123722751348,-0.272857618308092,-0.5052105717438227,-0.1373977458878517,0.40192705394680517,-0.6341057037129862,0.4371181682408446,-0.5251959896298924,-0.3733422597262703,0.2036834193194034,0.14619748133970983,-0.10867172470279939,-0.4422927748443288,0.9332966426278109
2026,SF,Klay Kubiak,1.0,curated,0.0,0.3209112185029608,-0.431376890637937,0.22827991647276485,-0.03382962486945825,0.10124815271785938,-0.7274904290193157,-0.3851443087602213,-0.12581022657763627,-0.2955785789625258,0.04655565864985678,1.469975008465243,0.007424571341888883,-0.9328685807422666,-0.09338172199392593,-0.2813011460204129,0.27940110487009623,-0.4280755686709223,-0.11408734955017821,1.2657402980569186,-0.11636759137868537,-0.6962621261434121,0.8097351818939909
2026,TB,Zac Robinson,1.0,curated,0.0,0.3054988896278481,0.9748576477465183,-0.13552045629656767,-0.287937189752621,-0.24242202781465472,-0.024046215010414262,-0.22736782068947198,0.1388659185750354,0.15202813429369905,-0.1946506208125452,-0.15468920616265572,-0.8824531263271296,0.6576038398676984,0.24396846173621367,-0.011096701583509085,-0.6741579310977409,-0.1230873588830654,-0.7182042192302465,0.6443604037987961,0.3972777337708007,0.20655863315508963,0.17611805597791702
2026,TEN,Brian Daboll,0.0,curated,4.0,-0.1700861535200101,0.03837110206723099,-0.3983551776111286,-0.5174717408460192,-0.7751360756022831,0.40999023767587317,0.5162387360994324,-0.32913095861009156,-0.060909798802449885,0.2819398072416979,0.2644556521886778,-0.07139989855354556,-0.07171548489758633,0.13244570385016063,-0.1555235782931958,-0.3291206375793997,0.8591038452643469,0.0,0.0,0.0,0.0,0.0
2026,WAS,David Blough,1.0,curated,0.0,-0.3649374164395565,0.037367955490214724,-0.24405231227544869,-0.16368732650647164,-0.2624121673338929,1.401961893112113,3.2153905607829767,0.3960705069930887,0.2583182844103541,-0.6418074992345846,-0.6352024999747531,0.052719833948377606,0.36218744842932865,-0.7191414767418954,0.04753549129659956,1.1351681128073554,-0.05966059530646799,0.26536500861364576,-0.10625250614982851,0.13540557738928155,0.19340894432920377,-0.3025234549516143
