player_name,season,round,pick,draft_day,starts,quadrant,rush_yd_pg,designed_yd_pg,scramble_yd_pg,epa_per_db,any_a,att_pg,fp,fp_per_game,qb_rank,is_qb1,is_sfx
Drew Brees,2008,2,32,Day 2,16,2. Efficient + no legs,0.5,-1.0,1.5,0.2356191607113518,7.4573170731707314,40.1875,303.56,18.9725,1,True,True
Aaron Rodgers,2008,1,24,Round 1,16,1. Efficient + legs,13.25,4.0625,9.1875,0.15250995680663462,6.292845257903494,35.4375,290.71999999999997,18.169999999999998,2,True,True
Philip Rivers,2008,1,4,Round 1,16,2. Efficient + no legs,5.5625,1.8125,3.75,0.2450528293001839,7.575984990619137,31.75,279.05999999999995,17.441249999999997,3,True,True
Jay Cutler,2008,1,11,Round 1,16,1. Efficient + legs,13.4375,4.25,9.1875,0.17419230513954564,6.529133858267716,39.0,278.5,17.40625,4,True,True
Kurt Warner,2008,,,Undrafted,16,2. Efficient + no legs,0.6875,0.0,0.6875,0.14769800226028187,6.712749615975422,39.0625,262.38,16.39875,5,True,True
Peyton Manning,2008,1,1,Round 1,15,2. Efficient + no legs,1.9375,0.1875,1.75,0.23096190494040883,6.7285223367697595,35.5,255.18000000000004,15.948750000000002,6,True,True
Matt Cassel,2008,7,230,Day 3,16,1. Efficient + legs,18.1875,2.4375,15.75,0.143839336492472,5.618181818181818,35.0625,246.82,15.42625,7,True,True
Donovan McNabb,2008,1,2,Round 1,15,2. Efficient + no legs,9.75,0.5,9.25,0.09468710669087531,6.068403908794788,36.875,244.16,15.26,8,True,True
Chad Pennington,2008,1,18,Round 1,16,2. Efficient + no legs,4.5625,0.1875,4.375,0.18618547029585328,6.911708253358925,31.125,219.42000000000002,13.713750000000001,9,True,True
David Garrard,2008,4,108,Day 3,16,3. Inefficient + legs,20.625,5.25,15.375,0.02581920826942006,4.93042071197411,36.0,217.8,13.6125,10,True,True
Tyler Thigpen,2008,7,217,Day 3,12,3. Inefficient + legs,28.0,8.0,20.0,-0.006388846926021231,4.81104033970276,31.785714285714285,207.51999999999998,14.822857142857142,11,True,True
Tony Romo,2008,,,Undrafted,13,4. Inefficient + no legs,4.230769230769231,-0.07692307692307693,4.3076923076923075,0.06387140180934202,6.547861507128309,36.23076923076923,205.42,15.80153846153846,12,True,True
Jason Campbell,2008,1,25,Round 1,16,3. Inefficient + legs,17.0625,3.5,13.5625,-0.017262570614502624,5.110154905335628,33.9375,201.10000000000002,12.568750000000001,13,False,True
Eli Manning,2008,1,1,Round 1,16,2. Efficient + no legs,1.625,0.3125,1.3125,0.09407899695462887,5.681647940074907,31.6875,200.12,12.5075,14,False,True
Matt Ryan,2008,1,3,Round 1,16,2. Efficient + no legs,7.625,3.3125,4.3125,0.14006552350807014,6.7687366167023555,28.125,197.79999999999998,12.362499999999999,15,False,True
Brett Favre,2008,2,33,Day 2,16,4. Inefficient + no legs,3.125,1.9375,1.1875,0.014523311484424697,4.646655231560892,34.5625,191.88,11.9925,16,False,True
Kyle Orton,2008,4,106,Day 3,14,4. Inefficient + no legs,4.0,0.8,3.2,-0.06540325019140082,5.0847784200385355,32.8,183.16,12.210666666666667,17,False,True
Joe Flacco,2008,1,18,Round 1,16,3. Inefficient + legs,12.875,4.0,8.875,-0.025837591812016565,4.9271255060728745,28.8125,181.44,11.34,18,False,True
Ben Roethlisberger,2008,1,11,Round 1,16,4. Inefficient + no legs,6.9375,0.75,6.1875,-0.029366313276850128,4.791443850267379,32.125,179.66,11.22875,19,False,True
Jake Delhomme,2008,,,Undrafted,16,4. Inefficient + no legs,2.125,0.625,1.5,0.06593409320855302,6.432671081677705,27.0625,176.76000000000002,11.047500000000001,20,False,True
Matt Schaub,2008,3,90,Day 2,10,4. Inefficient + no legs,7.181818181818182,1.5454545454545454,5.636363636363637,0.057743276034585955,6.502369668246446,36.27272727272727,175.62,15.965454545454547,21,False,True
Jeff Garcia,2008,,,Undrafted,11,1. Efficient + legs,13.0,0.5833333333333334,12.416666666666666,0.09515597878592294,6.09692671394799,33.25,164.08,13.673333333333334,22,False,True
Trent Edwards,2008,3,92,Day 2,13,4. Inefficient + no legs,9.285714285714286,3.0714285714285716,6.214285714285714,0.021962814056515997,5.551312649164678,28.285714285714285,154.95999999999998,11.068571428571428,23,False,True
Kerry Collins,2008,1,5,Round 1,14,4. Inefficient + no legs,3.8125,0.8125,3.0,0.044728739905599814,5.8799076212471135,26.5625,147.34,9.20875,24,False,True
JaMarcus Russell,2008,1,1,Round 1,14,4. Inefficient + no legs,8.6,3.1333333333333333,5.466666666666667,-0.13288702889922627,4.971896955503513,26.466666666666665,137.82000000000002,9.188,26,False,False
Marc Bulger,2008,6,168,Day 3,14,4. Inefficient + no legs,3.3333333333333335,0.3333333333333333,3.0,-0.1863313972214271,4.052123552123552,32.0,124.07999999999998,8.271999999999998,27,False,False
Ryan Fitzpatrick,2008,7,250,Day 3,12,3. Inefficient + legs,26.166666666666668,1.9166666666666667,24.25,-0.1593538290924627,3.2818791946308723,34.083333333333336,123.6,10.299999999999999,28,False,False
Gus Frerotte,2008,7,197,Day 3,11,4. Inefficient + no legs,1.7272727272727273,0.45454545454545453,1.2727272727272727,-0.11660058214489603,4.351955307262569,29.90909090909091,110.18,10.016363636363637,29,False,False
Aaron Rodgers,2009,1,24,Round 1,16,1. Efficient + legs,19.9375,9.875,10.0625,0.21280721924596277,6.903276131045242,37.0,343.26,21.45375,1,True,True
Drew Brees,2009,2,32,Day 2,15,2. Efficient + no legs,3.0,0.6,2.4,0.2762602667942481,8.010830324909747,35.6,294.02,19.601333333333333,2,True,True
Brett Favre,2009,2,33,Day 2,16,2. Efficient + no legs,0.6875,0.5625,0.125,0.22233383711026292,7.202680067001675,35.1875,283.18000000000006,17.698750000000004,3,True,True
Matt Schaub,2009,3,90,Day 2,16,2. Efficient + no legs,5.1875,0.3125,4.875,0.17776505310132182,7.155063291139241,37.875,283.1,17.69375,4,True,True
Peyton Manning,2009,1,1,Round 1,15,2. Efficient + no legs,0.25,-0.0625,0.3125,0.28720016028485645,7.375,36.375,280.4,17.525,5,True,True
Tony Romo,2009,,,Undrafted,16,2. Efficient + no legs,7.5625,1.8125,5.75,0.1774043750245789,7.146103896103896,36.375,275.42,17.21375,6,True,True
Tom Brady,2009,6,199,Day 3,16,2. Efficient + no legs,3.4375,1.25,2.1875,0.22450753370607945,7.145,36.5,271.41999999999996,16.963749999999997,7,True,True
Philip Rivers,2009,1,4,Round 1,15,2. Efficient + no legs,3.5,0.625,2.875,0.3215747891556678,7.943820224719101,31.8125,269.76,16.86,8,True,True
Ben Roethlisberger,2009,1,11,Round 1,15,2. Efficient + no legs,6.4,1.4,5.0,0.14772362520491547,6.545454545454546,37.0,268.72,17.91466666666667,9,True,True
Donovan McNabb,2009,1,2,Round 1,14,1. Efficient + legs,11.071428571428571,2.0714285714285716,9.0,0.09886756677619417,6.36504854368932,34.214285714285715,235.62,16.830000000000002,10,True,True
Eli Manning,2009,1,1,Round 1,15,2. Efficient + no legs,4.5,0.3125,4.1875,0.16461798326283728,6.552028218694885,33.5625,232.04000000000002,14.502500000000001,11,True,True
Jay Cutler,2009,1,11,Round 1,16,3. Inefficient + legs,11.3125,1.6875,9.625,-0.0705785716154762,4.569354838709677,36.625,228.73999999999998,14.296249999999999,12,True,True
David Garrard,2009,4,108,Day 3,16,3. Inefficient + legs,21.1875,5.625,15.5625,-0.015953162945507162,5.386934673366834,34.6875,221.78,13.86125,13,False,True
Kurt Warner,2009,,,Undrafted,14,2. Efficient + no legs,1.3333333333333333,-0.3333333333333333,1.6666666666666667,0.07107397284122513,6.299099099099099,35.4,220.32,14.687999999999999,14,False,True
Jason Campbell,2009,1,25,Round 1,16,3. Inefficient + legs,15.5,0.625,14.875,0.0255910918564301,5.208828522920204,34.1875,219.52,13.72,15,False,True
Kyle Orton,2009,4,106,Day 3,16,4. Inefficient + no legs,4.75,0.6875,4.0625,0.044563539538263974,5.881469115191987,35.625,215.68,13.48,16,False,True
Carson Palmer,2009,1,1,Round 1,16,4. Inefficient + no legs,6.5,0.9375,5.5625,0.06416182479650448,5.263565891472868,30.625,210.16,13.135,17,False,True
Joe Flacco,2009,1,18,Round 1,16,2. Efficient + no legs,4.25,1.125,3.125,0.08054965170512299,5.725043782837128,33.375,207.32000000000002,12.957500000000001,18,False,True
Matt Ryan,2009,1,3,Round 1,13,2. Efficient + no legs,4.357142857142857,1.0,3.357142857142857,0.09318818154026569,5.430927835051547,33.285714285714285,184.73999999999998,13.195714285714285,19,False,True
Matt Cassel,2009,7,230,Day 3,15,3. Inefficient + legs,13.266666666666667,2.466666666666667,10.8,-0.14204062331600023,3.9547826086956523,35.53333333333333,164.85999999999999,10.990666666666666,20,False,True
Matt Hasselbeck,2009,6,187,Day 3,13,4. Inefficient + no legs,8.642857142857142,2.857142857142857,5.785714285714286,-0.1360792085294917,4.330922242314648,37.214285714285715,161.26,11.518571428571429,21,False,True
Alex Smith,2009,1,1,Round 1,11,4. Inefficient + no legs,5.545454545454546,1.1818181818181819,4.363636363636363,-0.06114559756270733,4.906024096385543,35.72727272727273,146.1,13.281818181818181,22,False,True
Chad Henne,2009,2,57,Day 2,14,4. Inefficient + no legs,2.7857142857142856,1.5714285714285714,1.2142857142857142,0.021902446245730504,4.605577689243028,34.0,145.02,10.358571428571429,23,False,True
Mark Sanchez,2009,1,5,Round 1,15,4. Inefficient + no legs,7.933333333333334,1.5333333333333334,6.4,-0.1809507872859964,3.8014354066985647,26.133333333333333,133.66,8.910666666666666,25,False,False
Matthew Stafford,2009,1,1,Round 1,10,3. Inefficient + legs,11.0,0.0,11.0,-0.17612571737144808,3.488038277511962,39.5,125.68,12.568000000000001,26,False,False
Jake Delhomme,2009,,,Undrafted,11,4. Inefficient + no legs,5.909090909090909,1.8181818181818181,4.090909090909091,-0.15939778210924288,3.2451790633608817,30.90909090909091,79.1,7.1909090909090905,30,False,False
Mike Vick,2010,1,1,Round 1,11,1. Efficient + legs,57.083333333333336,13.333333333333334,43.75,0.1802959437753575,6.720454545454546,33.75,311.22,25.935000000000002,1,True,True
Aaron Rodgers,2010,1,24,Round 1,14,1. Efficient + legs,24.533333333333335,3.4,21.133333333333333,0.21051671331714636,7.091588785046729,33.6,305.68,20.378666666666668,2,True,True
Tom Brady,2010,6,199,Day 3,16,2. Efficient + no legs,2.625,1.375,1.25,0.2748458094265343,7.85451197053407,32.375,300.2,18.7625,3,True,True
Peyton Manning,2010,1,1,Round 1,16,2. Efficient + no legs,2.0625,1.6875,0.375,0.165624918815017,6.334739803094234,43.4375,287.3,17.95625,4,True,True
Philip Rivers,2010,1,4,Round 1,16,2. Efficient + no legs,3.875,0.0,3.875,0.2606752397905175,7.3019480519480515,36.125,282.59999999999997,17.662499999999998,5,True,True
Drew Brees,2010,2,32,Day 2,16,2. Efficient + no legs,0.5625,0.0,0.5625,0.11504817749557168,5.792079207920792,42.5625,269.7,16.85625,6,True,True
Josh Freeman,2010,1,17,Round 1,16,1. Efficient + legs,23.3125,2.6875,20.625,0.17535008890347278,6.662264150943396,31.375,261.34,16.33375,7,True,True
Matt Schaub,2010,3,90,Day 2,16,2. Efficient + no legs,2.25,0.5,1.75,0.13091575120835655,6.44006309148265,37.625,246.35999999999999,15.397499999999999,8,True,True
Matt Ryan,2010,1,3,Round 1,16,2. Efficient + no legs,8.8125,0.625,8.1875,0.16613217765847615,6.1523642732049035,34.375,246.34,15.39625,9,True,True
Eli Manning,2010,1,1,Round 1,16,4. Inefficient + no legs,5.4375,0.1875,5.25,0.06334868690749702,5.9298245614035086,34.625,232.78000000000003,14.548750000000002,10,True,True
Joe Flacco,2010,1,18,Round 1,16,2. Efficient + no legs,6.375,1.4375,4.9375,0.08544529906532183,5.922535211267606,33.0,232.51999999999998,14.532499999999999,11,True,True
Matt Cassel,2010,7,230,Day 3,15,2. Efficient + no legs,8.933333333333334,1.0666666666666667,7.866666666666666,0.12365361831867293,6.330661322645291,31.533333333333335,230.04,15.336,12,True,True
Carson Palmer,2010,1,1,Round 1,16,4. Inefficient + no legs,3.8125,0.875,2.9375,0.03169195903776088,5.283464566929134,38.0625,223.54,13.97125,13,False,True
David Garrard,2010,4,108,Day 3,13,3. Inefficient + legs,19.857142857142858,11.0,8.857142857142858,0.06487312591965808,5.286713286713287,28.357142857142858,221.16000000000003,15.797142857142859,14,False,True
Jay Cutler,2010,1,11,Round 1,15,3. Inefficient + legs,16.733333333333334,0.2,16.533333333333335,-0.02696472819830069,4.8919925512104285,32.333333333333336,210.66,14.044,15,False,True
Ben Roethlisberger,2010,1,11,Round 1,12,1. Efficient + legs,15.25,1.8333333333333333,13.416666666666666,0.20987252669975212,7.004524886877828,34.25,210.10000000000002,17.508333333333336,16,False,True
Kyle Orton,2010,4,106,Day 3,13,4. Inefficient + no legs,8.0,0.38461538461538464,7.615384615384615,0.050051056899453474,6.0177304964539005,40.76923076923077,210.04,16.156923076923075,17,False,True
Mark Sanchez,2010,1,5,Round 1,15,4. Inefficient + no legs,7.666666666666667,0.9333333333333333,6.733333333333333,-0.007788424063557657,5.161579892280072,35.333333333333336,203.14,13.542666666666666,18,False,True
Ryan Fitzpatrick,2010,7,250,Day 3,13,3. Inefficient + legs,20.846153846153847,7.153846153846154,13.692307692307692,-0.016642441550778604,5.382413087934561,35.76923076923077,198.78,15.29076923076923,19,False,True
Sam Bradford,2010,1,1,Round 1,16,4. Inefficient + no legs,4.5,0.0625,4.4375,-0.08626028674253428,4.465543644716692,38.6875,190.2,11.8875,20,False,True
Donovan McNabb,2010,1,2,Round 1,13,3. Inefficient + legs,12.153846153846153,1.0769230769230769,11.076923076923077,-0.04880697139270404,4.9743119266055045,39.07692307692308,174.88000000000002,13.452307692307695,21,False,True
Shaun Hill,2010,,,Undrafted,10,3. Inefficient + legs,11.0,1.8181818181818181,9.181818181818182,0.046225266951436854,5.240534521158129,39.27272727272727,159.54,14.503636363636362,22,False,True
Chad Henne,2010,2,57,Day 2,14,4. Inefficient + no legs,4.533333333333333,-0.13333333333333333,4.666666666666667,-0.012550899004020677,4.754098360655738,34.6,158.72,10.581333333333333,23,False,True
Jason Campbell,2010,1,25,Round 1,11,3. Inefficient + legs,17.615384615384617,1.3076923076923077,16.307692307692307,0.04592123594811815,5.290076335877862,27.692307692307693,158.38000000000002,12.183076923076925,24,False,True
Jon Kitna,2010,,,Undrafted,10,3. Inefficient + legs,15.4,3.4,12.0,0.06762086693859334,5.664819944598338,34.0,158.0,15.8,25,False,False
Matt Hasselbeck,2010,6,187,Day 3,12,4. Inefficient + no legs,5.0,1.4285714285714286,3.5714285714285716,-0.055712146130389134,4.48995983935743,33.5,146.4,10.457142857142857,26,False,False
Alex Smith,2010,1,1,Round 1,10,4. Inefficient + no legs,6.0,2.3636363636363638,3.6363636363636362,-0.04701411793633125,5.287917737789203,33.09090909090909,135.28,12.298181818181819,27,False,False
Brett Favre,2010,2,33,Day 2,11,4. Inefficient + no legs,1.2307692307692308,0.15384615384615385,1.0769230769230769,-0.12772678531586937,4.305210918114144,29.307692307692307,97.96000000000001,7.535384615384616,31,False,False
Jimmy Clausen,2010,2,48,Day 2,11,4. Inefficient + no legs,4.538461538461538,0.0,4.538461538461538,-0.2759015028574974,2.71978021978022,25.46153846153846,58.21999999999999,4.478461538461538,37,False,False
Drew Brees,2011,2,32,Day 2,16,2. Efficient + no legs,5.625,0.5,5.125,0.3161021690825426,8.026912181303116,42.625,394.4,24.65,1,True,True
Aaron Rodgers,2011,1,24,Round 1,15,1. Efficient + legs,17.866666666666667,0.5333333333333333,17.333333333333332,0.40976571110323795,8.713248638838476,34.4,381.76000000000005,25.45066666666667,2,True,True
Cam Newton,2011,1,1,Round 1,16,1. Efficient + legs,44.5625,21.8125,22.75,0.07939964722560525,5.8805460750853245,34.4375,367.34,22.95875,3,True,True
Tom Brady,2011,6,199,Day 3,16,2. Efficient + no legs,7.4375,2.875,4.5625,0.2995755280263518,7.7696879643387815,40.0625,364.38,22.77375,4,True,True
Matthew Stafford,2011,1,1,Round 1,16,2. Efficient + no legs,5.1875,0.75,4.4375,0.11601255257950378,6.5625,44.625,346.3,21.64375,5,True,True
Eli Manning,2011,1,1,Round 1,16,2. Efficient + no legs,2.125,-0.5625,2.6875,0.1313431723557606,7.122670807453416,38.5,282.43999999999994,17.652499999999996,6,True,True
Tony Romo,2011,,,Undrafted,15,2. Efficient + no legs,3.5,0.125,3.375,0.1532219640178139,6.994915254237288,34.625,276.96000000000004,17.310000000000002,7,True,True
Matt Ryan,2011,1,3,Round 1,15,2. Efficient + no legs,6.6875,0.375,6.3125,0.13857452094128878,6.607843137254902,36.625,275.78000000000003,17.236250000000002,8,True,True
Philip Rivers,2011,1,4,Round 1,16,2. Efficient + no legs,2.5625,-0.5,3.0625,0.17465491136768532,6.353125,38.125,255.06000000000006,15.941250000000004,9,True,True
Mark Sanchez,2011,1,5,Round 1,16,4. Inefficient + no legs,6.875,1.0625,5.8125,-0.10747203340371023,4.758899676375404,36.1875,237.96,14.8725,10,True,True
Mike Vick,2011,1,1,Round 1,13,1. Efficient + legs,45.84615384615385,5.0,40.84615384615385,0.13306683607708658,6.265086206896552,33.92307692307692,233.72,17.978461538461538,11,True,True
Ryan Fitzpatrick,2011,7,250,Day 3,16,3. Inefficient + legs,13.9375,2.8125,11.125,-0.016244337481542217,5.115321252059308,36.5625,222.62,13.91375,12,True,True
Ben Roethlisberger,2011,1,11,Round 1,15,2. Efficient + no legs,5.4,0.4,5.0,0.12527158624630944,6.0879864636209815,36.733333333333334,217.18,14.478666666666667,13,False,True
Alex Smith,2011,1,1,Round 1,16,3. Inefficient + legs,12.1875,2.0,10.1875,0.050215348254438234,5.655367231638418,30.5,213.26,13.32875,14,False,True
Andy Dalton,2011,2,35,Day 2,16,4. Inefficient + no legs,10.0,1.5,8.5,-0.008498085014862466,5.40353982300885,33.8125,207.92,12.995,15,False,True
Josh Freeman,2011,1,17,Round 1,15,3. Inefficient + legs,16.466666666666665,2.3333333333333335,14.133333333333333,-0.07796485735399149,4.6095551894563425,38.53333333333333,206.17999999999998,13.745333333333331,16,False,True
Joe Flacco,2011,1,18,Round 1,16,2. Efficient + no legs,6.8125,1.125,5.6875,0.07129084356638705,5.408940397350993,35.8125,205.3,12.83125,17,False,True
Tim Tebow,2011,1,25,Round 1,11,3. Inefficient + legs,51.0,31.923076923076923,19.076923076923077,-0.15779133745091356,4.4,23.23076923076923,199.45999999999998,15.343076923076922,18,False,True
Matt Hasselbeck,2011,6,187,Day 3,15,4. Inefficient + no legs,4.0,1.25,2.75,-0.019096714970437006,5.617059891107078,33.25,189.12,11.82,19,False,True
Tarvaris Jackson,2011,2,64,Day 2,15,4. Inefficient + no legs,7.666666666666667,0.8666666666666667,6.8,-0.026144403922879172,4.698681732580038,32.666666666666664,161.14,10.742666666666667,20,False,True
Colt McCoy,2011,3,85,Day 2,13,3. Inefficient + legs,17.0,1.3076923076923077,15.692307692307692,-0.060448520190153336,4.361216730038023,38.0,159.38,12.26,21,False,True
Matt Schaub,2011,3,90,Day 2,10,2. Efficient + no legs,1.6,0.3,1.3,0.2077713547605435,7.487577639751553,30.6,158.76,15.876,22,False,True
Matt Moore,2011,,,Undrafted,13,4. Inefficient + no legs,5.6923076923076925,0.38461538461538464,5.3076923076923075,-0.028297212353578384,5.197619047619048,29.53846153846154,153.28,11.79076923076923,23,False,True
Rex Grossman,2011,1,22,Round 1,13,4. Inefficient + no legs,1.6923076923076923,0.46153846153846156,1.2307692307692308,-0.03510574572152225,4.674556213017752,37.07692307692308,148.24,11.403076923076924,24,False,True
Carson Palmer,2011,1,1,Round 1,10,2. Efficient + no legs,2.1,-0.2,2.3,0.1038276545410977,6.3768115942028984,32.8,137.66,13.766,25,False,False
Jay Cutler,2011,1,11,Round 1,10,4. Inefficient + no legs,4.9,0.2,4.7,-0.0037837991416488,5.847222222222222,33.7,135.66,13.565999999999999,26,False,False
Blaine Gabbert,2011,1,10,Round 1,14,4. Inefficient + no legs,7.466666666666667,0.6666666666666666,6.8,-0.22656451982216938,3.386178861788618,30.133333333333333,117.76,7.850666666666667,28,False,False
Sam Bradford,2011,1,1,Round 1,10,4. Inefficient + no legs,3.3,-0.8,4.1,-0.22100292530800086,4.086448598130841,39.2,87.17999999999999,8.718,32,False,False
Drew Brees,2012,2,32,Day 2,16,2. Efficient + no legs,1.0,0.0625,0.9375,0.14134247776748235,6.942976356050069,43.3125,346.68000000000006,21.667500000000004,1,True,True
Aaron Rodgers,2012,1,24,Round 1,16,1. Efficient + legs,17.25,1.3125,15.9375,0.19716600682325133,6.761467889908257,37.6875,345.40000000000003,21.587500000000002,2,True,True
Tom Brady,2012,6,199,Day 3,16,2. Efficient + no legs,2.375,1.0,1.375,0.2769945107615205,7.206095791001451,41.375,340.88000000000005,21.305000000000003,3,True,True
Cam Newton,2012,1,1,Round 1,16,1. Efficient + legs,47.0625,28.875,18.1875,0.14113573947267924,6.243243243243243,32.4375,324.06,20.25375,4,True,True
Robert Griffin III,2012,1,2,Round 1,15,1. Efficient + legs,55.0,34.46666666666667,20.533333333333335,0.22384209667083896,7.0022172949002215,28.066666666666666,318.5,21.233333333333334,5,True,True
Peyton Manning,2012,1,1,Round 1,16,2. Efficient + no legs,1.625,-0.125,1.75,0.2535727637773272,7.651685393258427,37.625,312.96000000000004,19.560000000000002,6,True,True
Matt Ryan,2012,1,3,Round 1,16,2. Efficient + no legs,9.5,0.25,9.25,0.22237575698809445,6.724702380952381,40.25,305.96,19.1225,7,True,True
Tony Romo,2012,,,Undrafted,16,2. Efficient + no legs,4.4375,0.375,4.0625,0.11600299656102829,6.043115438108484,42.6875,281.22,17.57625,8,True,True
Andrew Luck,2012,1,1,Round 1,16,3. Inefficient + legs,16.875,1.8125,15.0625,0.059283395873175486,5.381766381766382,41.3125,277.96000000000004,17.372500000000002,9,True,True
Russell Wilson,2012,3,75,Day 2,16,1. Efficient + legs,31.3125,10.8125,20.5,0.20324451779412075,6.503267973856209,26.625,276.82,17.30125,10,True,True
Matthew Stafford,2012,1,1,Round 1,16,4. Inefficient + no legs,8.125,1.75,6.375,0.018106891333406018,5.6138107416879794,47.0625,275.68,17.23,11,True,True
Andy Dalton,2012,2,35,Day 2,16,4. Inefficient + no legs,8.4375,1.375,7.0625,-0.007813289534416845,5.283630470016208,35.6875,252.26,15.76625,12,True,True
Josh Freeman,2012,1,17,Round 1,16,4. Inefficient + no legs,10.1875,1.0,9.1875,0.05064925488485805,6.011437908496732,36.625,250.90000000000003,15.681250000000002,13,False,True
Joe Flacco,2012,1,18,Round 1,15,4. Inefficient + no legs,2.125,0.625,1.5,0.03338050180116273,5.946843853820598,35.4375,236.08,14.755,14,False,True
Eli Manning,2012,1,1,Round 1,16,2. Efficient + no legs,2.5625,0.0,2.5625,0.10089559418261529,6.371080139372823,34.6875,234.01999999999995,14.626249999999997,15,False,True
Sam Bradford,2012,1,1,Round 1,16,4. Inefficient + no legs,8.5,0.1875,8.3125,0.010668973162194333,5.337641357027463,36.5,231.68,14.48,16,False,True
Matt Schaub,2012,3,90,Day 2,16,2. Efficient + no legs,0.625,0.0,0.625,0.14828571203321522,6.173913043478261,35.6875,225.32,14.0825,17,False,True
Ben Roethlisberger,2012,1,11,Round 1,13,2. Efficient + no legs,7.923076923076923,1.0,6.923076923076923,0.13851251315610683,6.421782178217822,36.53846153846154,224.9,17.3,18,False,True
Carson Palmer,2012,1,1,Round 1,14,4. Inefficient + no legs,2.6,0.9333333333333333,1.6666666666666667,0.015736965408115672,5.891233766233766,39.333333333333336,224.62,14.974666666666668,19,False,True
Ryan Fitzpatrick,2012,7,250,Day 3,16,3. Inefficient + legs,12.75,1.1875,11.5625,-0.009510472665562231,5.326820603907637,33.3125,214.4,13.4,20,False,True
Philip Rivers,2012,1,4,Round 1,16,4. Inefficient + no legs,3.0625,-0.25,3.3125,-0.01115285701988939,5.040128410914928,35.875,209.14000000000001,13.071250000000001,21,False,True
Christian Ponder,2012,1,12,Round 1,16,3. Inefficient + legs,16.9375,0.4375,16.5,-0.005864976616124321,4.683060109289618,32.3125,196.5,12.28125,22,False,True
Jay Cutler,2012,1,11,Round 1,14,3. Inefficient + legs,16.533333333333335,0.0,16.533333333333335,-0.01403022490621251,4.956947162426615,31.533333333333335,186.12,12.408,23,False,True
Ryan Tannehill,2012,1,8,Round 1,15,3. Inefficient + legs,14.0,5.625,8.375,-0.05068712291600946,4.90072202166065,32.4375,184.16,11.51,24,False,True
Brandon Weeden,2012,1,22,Round 1,15,4. Inefficient + no legs,7.733333333333333,0.8666666666666667,6.866666666666666,-0.0537760645242094,4.744755244755245,36.266666666666666,167.0,11.133333333333333,26,False,False
Jake Locker,2012,1,8,Round 1,10,3. Inefficient + legs,26.545454545454547,2.090909090909091,24.454545454545453,-0.032151070370482294,4.752747252747253,30.818181818181817,132.24,12.021818181818183,28,False,False
Mark Sanchez,2012,1,5,Round 1,15,4. Inefficient + no legs,2.2,0.2,2.0,-0.17059301443458666,4.084615384615384,32.4,118.62,7.908,30,False,False
Peyton Manning,2013,1,1,Round 1,16,2. Efficient + no legs,-0.5625,-0.5625,0.0,0.37467938604271406,8.643165467625899,42.3125,412.18000000000006,25.761250000000004,1,True,True
Drew Brees,2013,2,32,Day 2,16,2. Efficient + no legs,4.4375,-1.0625,5.5,0.22262549965011247,7.134163208852006,42.875,359.58000000000004,22.473750000000003,2,True,True
Cam Newton,2013,1,1,Round 1,16,1. Efficient + legs,37.5,14.9375,22.5625,0.11715559753181796,5.284172661870503,32.0625,299.15999999999997,18.697499999999998,3,True,True
Andrew Luck,2013,1,1,Round 1,16,1. Efficient + legs,24.375,0.8125,23.5625,0.07551985577744465,5.703125,38.0,293.88,18.3675,4,True,True
Andy Dalton,2013,2,35,Day 2,16,1. Efficient + legs,12.25,3.8125,8.4375,0.08555142485263409,6.010869565217392,38.4375,289.32000000000005,18.082500000000003,5,True,True
Philip Rivers,2013,1,4,Round 1,16,2. Efficient + no legs,4.6875,-0.3125,5.0,0.27715766650946866,7.417910447761194,35.8125,288.62,18.03875,6,True,True
Matthew Stafford,2013,1,1,Round 1,16,2. Efficient + no legs,5.125,1.0625,4.0625,0.07118000042565091,6.168621700879766,41.1875,280.2,17.5125,7,True,True
Russell Wilson,2013,3,75,Day 2,16,1. Efficient + legs,34.8125,7.6875,27.125,0.17458901244638042,6.477732793522267,28.125,271.98,16.99875,8,True,True
Colin Kaepernick,2013,2,36,Day 2,16,1. Efficient + legs,33.3125,8.0625,25.25,0.1458667885164407,6.125506072874494,28.4375,265.18,16.57375,9,True,True
Nick Foles,2013,3,88,Day 2,11,1. Efficient + legs,18.692307692307693,6.461538461538462,12.23076923076923,0.2946161949393217,8.380952380952381,26.923076923076923,261.94,20.14923076923077,10,True,True
Tony Romo,2013,,,Undrafted,15,2. Efficient + no legs,3.1333333333333333,0.0,3.1333333333333333,0.07805111540128662,6.148514851485149,38.06666666666667,261.82,17.454666666666665,11,True,True
Ben Roethlisberger,2013,1,11,Round 1,16,2. Efficient + no legs,6.9375,0.125,6.8125,0.08684714053610146,5.895927601809955,38.8125,259.54,16.22125,12,True,True
Alex Smith,2013,1,1,Round 1,15,3. Inefficient + legs,29.333333333333332,7.466666666666667,21.866666666666667,0.05940094472999595,5.580756013745704,36.2,254.51999999999998,16.968,13,False,True
Tom Brady,2013,6,199,Day 3,16,2. Efficient + no legs,2.3125,0.8125,1.5,0.1074926513439666,5.796033994334278,41.625,253.42000000000002,15.838750000000001,14,False,True
Matt Ryan,2013,1,3,Round 1,16,4. Inefficient + no legs,4.4375,0.0,4.4375,0.03826443246775173,5.382113821138211,43.375,249.70000000000005,15.606250000000003,15,False,True
Ryan Tannehill,2013,1,8,Round 1,16,3. Inefficient + legs,15.3125,6.5625,8.75,0.00593863276461423,4.606276747503566,40.1875,239.02,14.93875,16,False,True
Carson Palmer,2013,1,1,Round 1,16,4. Inefficient + no legs,1.4375,-0.125,1.5625,-0.0007885146199586859,5.305343511450381,38.375,219.26000000000005,13.703750000000003,17,False,True
Robert Griffin III,2013,1,2,Round 1,13,3. Inefficient + legs,37.84615384615385,16.307692307692307,21.53846153846154,0.007140448965263635,5.082551594746716,38.07692307692308,213.32,16.409230769230767,18,False,True
Joe Flacco,2013,1,18,Round 1,16,4. Inefficient + no legs,8.625,0.375,8.25,-0.023682430247402467,4.1884669479606185,41.4375,208.28,13.0175,19,False,True
Geno Smith,2013,2,39,Day 2,15,3. Inefficient + legs,23.25,7.375,15.875,-0.09875667895095655,3.837121212121212,30.3125,193.04000000000002,12.065000000000001,20,False,True
Eli Manning,2013,1,1,Round 1,16,4. Inefficient + no legs,2.75,-0.125,2.875,-0.09972130397471841,4.263910969793323,36.875,171.12,10.695,21,False,True
Jay Cutler,2013,1,11,Round 1,10,3. Inefficient + legs,11.272727272727273,1.0909090909090908,10.181818181818182,0.038753939596440266,5.941326530612245,33.90909090909091,169.24,15.385454545454547,23,False,True
Ryan Fitzpatrick,2013,7,250,Day 3,10,1. Efficient + legs,21.09090909090909,2.0,19.09090909090909,0.11196929854538508,5.359897172236503,33.45454545454545,167.35999999999999,15.214545454545453,24,False,True
Chad Henne,2013,2,57,Day 2,13,4. Inefficient + no legs,5.333333333333333,1.2666666666666666,4.066666666666666,-0.08065535697565632,4.531034482758621,36.13333333333333,161.64,10.776,25,False,False
Mike Glennon,2013,3,73,Day 2,13,4. Inefficient + no legs,5.384615384615385,0.23076923076923078,5.153846153846154,-0.06669785708849328,4.574596774193548,35.07692307692308,161.32,12.409230769230769,26,False,False
EJ Manuel,2013,1,16,Round 1,10,3. Inefficient + legs,21.2,5.7,15.5,-0.12371916970833204,4.484848484848484,33.5,136.07999999999998,13.607999999999999,28,False,False
Aaron Rodgers,2014,1,24,Round 1,16,1. Efficient + legs,17.6875,2.375,15.3125,0.33005955461404246,8.21837088388215,34.3125,355.54,22.22125,1,True,True
Andrew Luck,2014,1,1,Round 1,14,1. Efficient + legs,17.8125,0.125,17.6875,0.13589971840068388,6.964285714285714,40.3125,352.94,22.05875,2,True,True
Russell Wilson,2014,3,75,Day 2,16,1. Efficient + legs,54.3125,23.0625,31.25,0.12414639056680214,6.190298507462686,30.875,327.9,20.49375,3,True,True
Peyton Manning,2014,1,1,Round 1,16,2. Efficient + no legs,-0.5625,-0.8125,0.25,0.19114206445552315,7.4706814580031695,38.375,314.18000000000006,19.636250000000004,4,True,True
Ben Roethlisberger,2014,1,11,Round 1,16,2. Efficient + no legs,2.5625,0.5,2.0625,0.21728891391003236,7.5187406296851576,39.625,308.18000000000006,19.261250000000004,5,True,True
Drew Brees,2014,2,32,Day 2,16,2. Efficient + no legs,4.8125,0.1875,4.625,0.10970959554284122,6.546348314606742,42.6875,303.78000000000003,18.986250000000002,6,True,True
Matt Ryan,2014,1,3,Round 1,16,2. Efficient + no legs,9.3125,0.0,9.3125,0.0891361814578171,6.441690962099125,40.9375,284.65999999999997,17.791249999999998,7,True,True
Ryan Tannehill,2014,1,8,Round 1,16,3. Inefficient + legs,20.25,18.4375,1.8125,0.029948401377114613,5.4449339207048455,39.6875,280.2,17.5125,8,True,True
Tom Brady,2014,6,199,Day 3,15,2. Efficient + no legs,4.6875,1.25,3.4375,0.17523251533094925,6.768,37.75,279.86,17.49125,9,True,True
Eli Manning,2014,1,1,Round 1,16,2. Efficient + no legs,2.375,0.0,2.375,0.06934371907332858,6.391768292682927,39.25,270.2,16.8875,10,True,True
Tony Romo,2014,,,Undrafted,15,2. Efficient + no legs,5.066666666666666,0.0,5.066666666666666,0.2847832585882455,7.652439024390244,30.866666666666667,267.8,17.853333333333335,11,True,True
Philip Rivers,2014,1,4,Round 1,16,2. Efficient + no legs,6.5625,-0.625,7.1875,0.12151403223528576,6.095163806552262,37.8125,265.94,16.62125,12,True,True
Joe Flacco,2014,1,18,Round 1,16,2. Efficient + no legs,5.3125,1.9375,3.375,0.104073893672053,6.505962521294719,35.5,263.94,16.49625,13,False,True
Jay Cutler,2014,1,11,Round 1,15,3. Inefficient + legs,13.6,0.8,12.8,-0.04383537993973161,5.209048361934477,40.2,256.88,17.125333333333334,14,False,True
Matthew Stafford,2014,1,1,Round 1,16,4. Inefficient + no legs,6.9375,0.625,6.3125,0.056879934008196534,5.648335745296672,40.375,253.38,15.83625,15,False,True
Colin Kaepernick,2014,2,36,Day 2,16,3. Inefficient + legs,40.9375,9.125,31.8125,0.03438258396759655,5.077319587628866,33.125,252.26,15.76625,16,False,True
Cam Newton,2014,1,1,Round 1,14,3. Inefficient + legs,38.42857142857143,24.857142857142858,13.571428571428571,0.008562717327892924,5.061185468451243,34.642857142857146,248.88,17.777142857142856,17,False,True
Alex Smith,2014,1,1,Round 1,15,1. Efficient + legs,17.2,0.8,16.4,0.10206264380249386,5.622302158273381,34.06666666666667,220.4,14.693333333333333,18,False,True
Andy Dalton,2014,2,35,Day 2,16,3. Inefficient + legs,11.5,6.75,4.75,-0.016949468026899867,5.513358778625954,31.4375,218.32,13.645,19,False,True
Derek Carr,2014,2,36,Day 2,16,4. Inefficient + no legs,6.0625,2.5625,3.5,-0.11825335253466106,4.681747269890796,38.5625,192.5,12.03125,20,False,True
Ryan Fitzpatrick,2014,7,250,Day 3,11,1. Efficient + legs,16.25,0.25,16.0,0.09052479835974216,6.742209631728045,27.666666666666668,180.82,15.068333333333333,21,False,True
Teddy Bridgewater,2014,1,32,Round 1,13,3. Inefficient + legs,16.923076923076923,1.6153846153846154,15.307692307692308,0.03660841850450839,5.063025210084033,33.61538461538461,180.76,13.904615384615385,22,False,True
Kyle Orton,2014,4,106,Day 3,12,4. Inefficient + no legs,2.0,0.08333333333333333,1.9166666666666667,-0.011978199639194598,5.33203125,39.916666666666664,177.12,14.76,23,False,True
Blake Bortles,2014,1,3,Round 1,14,3. Inefficient + legs,30.142857142857142,14.071428571428571,16.071428571428573,-0.19413151087379904,3.431972789115646,38.07142857142857,168.51999999999998,12.037142857142856,24,False,True
Brian Hoyer,2014,,,Undrafted,14,4. Inefficient + no legs,3.0714285714285716,-0.07142857142857142,3.142857142857143,-0.012665533325212074,5.804526748971194,33.0,157.34,11.23857142857143,25,False,False
Geno Smith,2014,2,39,Day 2,11,3. Inefficient + legs,17.214285714285715,3.7857142857142856,13.428571428571429,-0.014796554634786015,4.764705882352941,28.357142857142858,151.1,10.792857142857143,26,False,False
Josh McCown,2014,3,81,Day 2,10,3. Inefficient + legs,11.545454545454545,0.36363636363636365,11.181818181818182,-0.09093620769840692,3.9518987341772154,32.63636363636363,126.94,11.54,28,False,False
Cam Newton,2015,1,1,Round 1,16,1. Efficient + legs,40.5625,28.125,12.4375,0.1587596864257742,6.803220035778176,32.875,390.38,24.39875,1,True,True
Tom Brady,2015,6,199,Day 3,16,2. Efficient + no legs,4.3125,1.125,3.1875,0.17981759409351145,7.091690544412607,41.25,341.7,21.35625,2,True,True
Russell Wilson,2015,3,75,Day 2,16,1. Efficient + legs,35.5625,10.375,25.1875,0.24253055160806897,7.106271777003484,33.0625,337.86,21.11625,3,True,True
Blake Bortles,2015,1,3,Round 1,16,3. Inefficient + legs,19.75,3.5625,16.1875,0.022232136005505124,5.630985915492958,41.1875,316.72,19.795,4,True,True
Carson Palmer,2015,1,1,Round 1,16,2. Efficient + no legs,2.5,0.0,2.5,0.2644110238337677,8.132530120481928,34.75,310.84000000000003,19.427500000000002,5,True,True
Drew Brees,2015,2,32,Day 2,15,2. Efficient + no legs,2.0,0.26666666666666666,1.7333333333333334,0.1397399779122529,6.9476744186046515,43.8,305.8,20.386666666666667,6,True,True
Aaron Rodgers,2015,1,24,Round 1,16,3. Inefficient + legs,22.25,0.1875,22.0625,0.021520403219521592,5.6476761619190405,38.8125,302.44000000000005,18.902500000000003,7,True,True
Kirk Cousins,2015,4,102,Day 3,16,2. Efficient + no legs,3.5625,1.75,1.8125,0.16301263610895428,6.797658862876254,35.75,294.34,18.39625,8,True,True
Matthew Stafford,2015,1,1,Round 1,15,3. Inefficient + legs,10.9375,0.25,10.6875,0.027003131489266106,5.9706314243759175,39.8125,291.98,18.24875,9,True,True
Eli Manning,2015,1,1,Round 1,16,2. Efficient + no legs,4.375,0.0,4.375,0.07733969895923062,6.475409836065574,40.25,288.28,18.0175,10,True,True
Ryan Fitzpatrick,2015,7,250,Day 3,15,1. Efficient + legs,17.5625,2.75,14.8125,0.12097030142845316,6.26,36.3125,286.3,17.89375,11,True,True
Philip Rivers,2015,1,4,Round 1,16,2. Efficient + no legs,2.25,-0.0625,2.3125,0.06973289427154916,6.087483176312247,43.9375,285.28000000000003,17.830000000000002,12,True,True
Jameis Winston,2015,1,1,Round 1,16,1. Efficient + legs,14.4375,0.625,13.8125,0.08941250212979696,6.1305084745762715,35.1875,276.78,17.29875,13,False,True
Derek Carr,2015,2,36,Day 2,15,4. Inefficient + no legs,9.375,1.75,7.625,-7.08820998221065e-05,5.9937106918239,37.8125,272.48,17.03,14,False,True
Alex Smith,2015,1,1,Round 1,16,1. Efficient + legs,31.875,5.0,26.875,0.06934171496153779,5.925399644760213,32.375,272.44,17.0275,15,False,True
Tyrod Taylor,2015,6,180,Day 3,14,1. Efficient + legs,41.857142857142854,13.428571428571429,28.428571428571427,0.14165308058893103,6.504405286343612,29.857142857142858,272.0,19.428571428571427,16,False,True
Ryan Tannehill,2015,1,8,Round 1,16,4. Inefficient + no legs,9.3125,5.0,4.3125,-0.004222853423570472,5.514792899408284,39.4375,257.22,16.07625,17,False,True
Andy Dalton,2015,2,35,Day 2,12,1. Efficient + legs,11.846153846153847,3.1538461538461537,8.692307692307692,0.2662616371743146,7.786384976525822,31.23076923076923,245.4,18.876923076923077,18,False,True
Matt Ryan,2015,1,3,Round 1,16,2. Efficient + no legs,4.875,0.0,4.875,0.1115132218102871,6.042899408284024,40.375,235.44,14.715,19,False,True
Ben Roethlisberger,2015,1,11,Round 1,12,2. Efficient + no legs,3.1666666666666665,0.3333333333333333,2.8333333333333335,0.18422301634438185,6.764023210831722,41.416666666666664,227.32000000000002,18.943333333333335,20,False,True
Jay Cutler,2015,1,11,Round 1,14,1. Efficient + legs,13.8,5.533333333333333,8.266666666666667,0.07395675032320663,6.324125230202578,34.266666666666666,227.06,15.137333333333334,21,False,True
Teddy Bridgewater,2015,1,32,Round 1,16,3. Inefficient + legs,12.8125,0.8125,12.0,0.027456583705421242,5.2317757009345796,30.6875,201.74,12.60875,22,False,True
Marcus Mariota,2015,1,2,Round 1,11,3. Inefficient + legs,21.083333333333332,6.666666666666667,14.416666666666666,0.018488056474873796,5.595505617977528,33.916666666666664,200.02,16.668333333333333,23,False,True
Sam Bradford,2015,1,1,Round 1,14,4. Inefficient + no legs,3.5714285714285716,0.0,3.5714285714285716,-0.0029553472110980376,5.579216354344123,39.92857142857143,196.0,14.0,24,False,True
Brian Hoyer,2015,,,Undrafted,11,4. Inefficient + no legs,4.818181818181818,0.36363636363636365,4.454545454545454,0.02686508363464758,5.919047619047619,35.90909090909091,167.54000000000002,15.230909090909092,25,False,False
Joe Flacco,2015,1,18,Round 1,10,4. Inefficient + no legs,2.4,0.8,1.6,0.00270700595926493,5.421171171171171,42.8,162.04,16.204,26,False,False
Nick Foles,2015,3,88,Day 2,11,4. Inefficient + no legs,2.5454545454545454,0.6363636363636364,1.9090909090909092,-0.2822611875866111,4.516483516483516,31.818181818181817,96.88,8.807272727272727,32,False,False
Aaron Rodgers,2016,1,24,Round 1,16,1. Efficient + legs,24.125,0.75,23.375,0.22884104110634268,6.863235294117647,40.3125,381.72,23.8575,1,True,True
Matt Ryan,2016,1,3,Round 1,16,2. Efficient + no legs,8.0,0.6875,7.3125,0.3010785749569149,8.42156862745098,35.9375,348.56,21.785,2,True,True
Drew Brees,2016,2,32,Day 2,16,2. Efficient + no legs,2.0,1.0625,0.9375,0.14171432132824333,7.0484764542936285,43.4375,333.52,20.845,3,True,True
Andrew Luck,2016,1,1,Round 1,15,1. Efficient + legs,23.733333333333334,2.933333333333333,20.8,0.12154039336614111,6.390749601275917,39.06666666666667,309.20000000000005,20.613333333333337,4,True,True
Kirk Cousins,2016,4,102,Day 3,16,2. Efficient + no legs,6.8125,1.8125,5.0,0.17265923128817964,7.199692780337942,39.25,301.58,18.84875,5,True,True
Dak Prescott,2016,4,135,Day 3,15,1. Efficient + legs,18.875,4.75,14.125,0.2477320783101303,7.4734774066797645,30.25,288.88,18.055,6,True,True
Matthew Stafford,2016,1,1,Round 1,16,1. Efficient + legs,13.5,0.3125,13.1875,0.14480665512400578,6.20839580209895,39.375,280.68000000000006,17.542500000000004,7,True,True
Tyrod Taylor,2016,6,180,Day 3,15,1. Efficient + legs,39.06666666666667,15.333333333333334,23.733333333333334,0.10948389686445269,5.578846153846154,31.866666666666667,271.52,18.101333333333333,8,True,True
Derek Carr,2016,2,36,Day 2,15,2. Efficient + no legs,6.533333333333333,0.06666666666666667,6.466666666666667,0.13642279399572785,6.9714285714285715,38.6,271.28000000000003,18.085333333333335,9,True,True
Blake Bortles,2016,1,3,Round 1,16,3. Inefficient + legs,22.75,4.125,18.625,-0.03294455119315221,4.968299711815562,41.25,262.6,16.4125,10,True,True
Russell Wilson,2016,3,75,Day 2,16,1. Efficient + legs,17.125,4.5,12.625,0.0739700689302715,6.132165605095541,36.6875,262.15999999999997,16.384999999999998,11,True,True
Andy Dalton,2016,2,35,Day 2,16,1. Efficient + legs,12.0,1.4375,10.5625,0.09511822958357669,6.130637636080871,37.625,261.44,16.34,12,True,True
Marcus Mariota,2016,1,2,Round 1,14,1. Efficient + legs,24.066666666666666,12.266666666666667,11.8,0.11657938419955079,6.7971887550200805,31.666666666666668,261.14,17.409333333333333,13,False,True
Tom Brady,2016,6,199,Day 3,12,2. Efficient + no legs,6.166666666666667,0.8333333333333334,5.333333333333333,0.3123823003149048,8.521645021645021,37.25,259.56,21.63,14,False,True
Philip Rivers,2016,1,4,Round 1,16,4. Inefficient + no legs,2.5625,0.625,1.9375,0.06361254999914331,6.010752688172043,38.4375,259.54,16.22125,15,False,True
Jameis Winston,2016,1,1,Round 1,16,1. Efficient + legs,11.5625,-0.0625,11.625,0.1067541439363574,5.609034267912772,37.9375,258.1,16.13125,16,False,True
Cam Newton,2016,1,1,Round 1,15,3. Inefficient + legs,24.266666666666666,20.466666666666665,3.8,-0.05774790585802834,5.114922813036021,36.46666666666667,254.76000000000002,16.984,17,False,True
Ben Roethlisberger,2016,1,11,Round 1,14,2. Efficient + no legs,1.8571428571428572,0.07142857142857142,1.7857142857142858,0.16683999766896243,6.6903460837887065,38.0,253.35999999999999,18.097142857142856,18,False,True
Carson Palmer,2016,1,1,Round 1,15,4. Inefficient + no legs,2.8,0.06666666666666667,2.7333333333333334,0.03663375033693263,5.658321060382916,42.6,243.51999999999998,16.234666666666666,19,False,True
Joe Flacco,2016,1,18,Round 1,16,4. Inefficient + no legs,4.0625,0.5,3.5625,-0.03421270333250017,5.168707482993197,43.875,243.18,15.19875,20,False,True
Eli Manning,2016,1,1,Round 1,16,4. Inefficient + no legs,0.6875,0.0,0.6875,-0.03568043445532521,5.7578125,38.6875,226.18000000000004,14.136250000000002,21,False,True
Alex Smith,2016,1,1,Round 1,14,2. Efficient + no legs,10.0,1.4,8.6,0.09973703200295772,6.0476190476190474,34.53333333333333,225.08,15.005333333333335,22,False,True
Sam Bradford,2016,1,1,Round 1,15,4. Inefficient + no legs,4.4,0.0,4.4,0.06605367292369926,6.022328548644338,39.333333333333336,221.68,14.778666666666668,23,False,True
Carson Wentz,2016,1,2,Round 1,16,4. Inefficient + no legs,10.25,1.3125,8.9375,0.03682281981813602,4.835311572700297,40.0625,213.68,13.355,24,False,True
Colin Kaepernick,2016,2,36,Day 2,10,3. Inefficient + legs,43.27272727272727,13.0,30.272727272727273,0.010054081524435314,5.407960199004975,33.27272727272727,201.23999999999998,18.294545454545453,25,False,False
Trevor Siemian,2016,7,250,Day 3,13,4. Inefficient + no legs,5.071428571428571,0.42857142857142855,4.642857142857143,-0.016486894301501333,5.6903460837887065,37.0,193.14,13.795714285714284,26,False,False
Ryan Tannehill,2016,1,8,Round 1,13,3. Inefficient + legs,12.923076923076923,4.769230769230769,8.153846153846153,0.03179152874865166,5.859060402684563,32.15384615384615,190.60000000000002,14.661538461538463,27,False,False
Brock Osweiler,2016,2,57,Day 2,14,4. Inefficient + no legs,9.466666666666667,-0.06666666666666667,9.533333333333333,-0.06304025508022236,4.1550802139037435,35.6,170.48,11.365333333333332,28,False,False
Ryan Fitzpatrick,2016,7,250,Day 3,12,4. Inefficient + no legs,9.571428571428571,2.357142857142857,7.214285714285714,-0.06617815406011472,4.770975056689342,30.142857142857142,133.8,9.557142857142859,29,False,False
Russell Wilson,2017,3,75,Day 2,16,3. Inefficient + legs,37.625,9.8125,27.8125,0.06539655276597937,6.009375,37.3125,349.52,21.845,1,True,True
Cam Newton,2017,1,1,Round 1,16,3. Inefficient + legs,48.5625,34.1875,14.375,0.01898496666807003,4.94661921708185,32.9375,301.78000000000003,18.861250000000002,2,True,True
Tom Brady,2017,6,199,Day 3,16,2. Efficient + no legs,2.4375,0.875,1.5625,0.22411732693211237,7.130168453292496,38.625,296.98,18.56125,3,True,True
Alex Smith,2017,1,1,Round 1,15,1. Efficient + legs,22.266666666666666,3.066666666666667,19.2,0.1857999170764622,7.182608695652174,36.0,293.08,19.538666666666664,4,True,True
Carson Wentz,2017,1,2,Round 1,13,1. Efficient + legs,23.846153846153847,7.076923076923077,16.76923076923077,0.20940895212195657,6.971943887775551,36.23076923076923,282.84000000000003,21.75692307692308,5,True,True
Kirk Cousins,2017,4,102,Day 3,16,3. Inefficient + legs,11.8125,3.0625,8.75,0.010976191849789547,5.958199356913183,36.3125,278.62,17.41375,6,True,True
Matthew Stafford,2017,1,1,Round 1,16,4. Inefficient + no legs,6.6875,0.0,6.6875,0.06126638227464693,6.478851963746224,38.4375,272.54,17.03375,7,True,True
Philip Rivers,2017,1,4,Round 1,16,2. Efficient + no legs,0.8125,0.0,0.8125,0.18391603412311097,7.385245901639344,37.0,271.90000000000003,16.993750000000002,8,True,True
Drew Brees,2017,2,32,Day 2,16,2. Efficient + no legs,2.0,0.75,1.25,0.15458604801520753,7.485165794066318,34.5625,264.56,16.535,9,True,True
Ben Roethlisberger,2017,1,11,Round 1,15,2. Efficient + no legs,4.4,0.26666666666666666,4.133333333333334,0.15278097066421423,6.7164179104477615,38.8,262.96000000000004,17.53066666666667,10,True,True
Dak Prescott,2017,4,135,Day 3,16,3. Inefficient + legs,22.6875,7.5625,15.125,-0.036406530656441394,5.394594594594595,32.6875,261.26,16.32875,11,True,True
Jared Goff,2017,1,1,Round 1,15,2. Efficient + no legs,4.333333333333333,0.4,3.933333333333333,0.1574734287283679,7.384761904761905,33.333333333333336,256.65999999999997,17.110666666666663,12,True,True
Blake Bortles,2017,1,3,Round 1,16,1. Efficient + legs,20.8125,10.0,10.8125,0.06920945743214865,5.921602787456446,34.375,250.77999999999997,15.673749999999998,13,False,True
Case Keenum,2017,,,Undrafted,15,1. Efficient + legs,12.0,0.8666666666666667,11.133333333333333,0.128614000442081,6.722433460076045,33.6,239.88,15.991999999999999,14,False,True
Matt Ryan,2017,1,3,Round 1,16,2. Efficient + no legs,9.5625,0.1875,9.375,0.1523422273910919,6.618466898954704,34.375,229.10000000000002,14.318750000000001,15,False,True
Tyrod Taylor,2017,6,180,Day 3,15,3. Inefficient + legs,29.533333333333335,8.666666666666666,20.866666666666667,0.03981932962220497,5.162109375,31.066666666666666,224.26,14.950666666666667,16,False,True
Andy Dalton,2017,2,35,Day 2,16,4. Inefficient + no legs,7.3125,1.875,5.4375,-0.07866172348473995,5.279232111692845,33.375,212.5,13.28125,17,False,True
Marcus Mariota,2017,1,2,Round 1,14,3. Inefficient + legs,21.666666666666668,11.933333333333334,9.733333333333333,-0.026036211184272674,5.225296442687747,31.933333333333334,211.78,14.118666666666666,18,False,True
Jacoby Brissett,2017,3,91,Day 2,15,3. Inefficient + legs,16.875,1.375,15.5,-0.08348020581111643,4.795096322241681,32.4375,206.92000000000002,12.932500000000001,19,False,True
Josh McCown,2017,3,81,Day 2,13,3. Inefficient + legs,10.615384615384615,1.0,9.615384615384615,0.04405355026136895,5.556263269639066,33.23076923076923,206.84000000000003,15.910769230769233,20,False,True
Derek Carr,2017,2,36,Day 2,15,4. Inefficient + no legs,5.066666666666666,0.0,5.066666666666666,4.43744522037696e-05,5.834829443447037,35.8,205.44,13.696,21,False,True
Jameis Winston,2017,1,1,Round 1,11,1. Efficient + legs,10.692307692307692,0.5384615384615384,10.153846153846153,0.08429810988730611,6.276134122287968,36.46153846153846,202.06,15.543076923076923,22,False,True
Eli Manning,2017,1,1,Round 1,15,4. Inefficient + no legs,2.3333333333333335,0.0,2.3333333333333335,-0.10076428527775182,4.818181818181818,40.4,188.22,12.548,23,False,True
Joe Flacco,2017,1,18,Round 1,16,4. Inefficient + no legs,4.25,2.0,2.25,-0.09308901234008163,4.5108153078203,35.875,186.44,11.6525,24,False,True
DeShone Kizer,2017,2,52,Day 2,14,3. Inefficient + legs,28.066666666666666,7.0,21.066666666666666,-0.20447178943458805,3.4446460980036298,34.2,175.85999999999999,11.723999999999998,25,False,False
Jay Cutler,2017,1,11,Round 1,11,4. Inefficient + no legs,2.7857142857142856,0.5,2.2857142857142856,-0.09344229911040901,4.823027718550106,32.07142857142857,158.54,11.324285714285713,27,False,False
Mitchell Trubisky,2017,1,2,Round 1,12,3. Inefficient + legs,21.25,3.4166666666666665,17.833333333333332,-0.10065917763743258,4.6479591836734695,30.083333333333332,135.22,11.268333333333333,28,False,False
Trevor Siemian,2017,7,250,Day 3,10,3. Inefficient + legs,12.090909090909092,0.0,12.090909090909092,-0.1350564984471263,4.016786570743405,34.90909090909091,126.69999999999999,11.518181818181818,30,False,False
Brett Hundley,2017,5,147,Day 3,10,3. Inefficient + legs,24.818181818181817,5.7272727272727275,19.09090909090909,-0.15723933486109215,3.4106666666666667,31.454545454545453,122.74,11.158181818181818,31,False,False
Patrick Mahomes,2018,1,10,Round 1,16,1. Efficient + legs,17.75,4.3125,13.4375,0.35744538649843605,8.522151898734178,37.875,418.28,26.1425,1,True,True
Matt Ryan,2018,1,3,Round 1,16,2. Efficient + no legs,8.25,0.75,7.5,0.17298908769896404,7.192252510760402,40.9375,348.16,21.76,2,True,True
Ben Roethlisberger,2018,1,11,Round 1,16,2. Efficient + no legs,6.9375,0.75,6.1875,0.1901574945073928,6.790344827586207,43.8125,342.26,21.39125,3,True,True
Deshaun Watson,2018,1,12,Round 1,16,1. Efficient + legs,35.0,9.0,26.0,0.11172270828667905,6.243589743589744,35.125,332.6,20.7875,4,True,True
Andrew Luck,2018,1,1,Round 1,16,2. Efficient + no legs,10.25,0.25,10.0,0.14166830830534044,6.7514792899408285,41.125,328.12,20.5075,5,True,True
Aaron Rodgers,2018,1,24,Round 1,15,1. Efficient + legs,17.125,-0.25,17.375,0.11285272899333958,6.464080459770115,40.4375,313.08,19.5675,6,True,True
Jared Goff,2018,1,1,Round 1,16,2. Efficient + no legs,7.6875,0.0625,7.625,0.19755616162790282,7.269108280254777,37.1875,311.82,19.48875,7,True,True
Drew Brees,2018,2,32,Day 2,15,2. Efficient + no legs,2.6666666666666665,0.8666666666666667,1.8,0.2807635929615323,8.163809523809524,33.86666666666667,305.68,20.378666666666668,8,True,True
Russell Wilson,2018,3,75,Day 2,16,1. Efficient + legs,24.6875,6.6875,18.0,0.17346900839415616,6.662835249042145,29.4375,301.41999999999996,18.838749999999997,9,True,True
Dak Prescott,2018,4,135,Day 3,16,3. Inefficient + legs,20.0625,7.9375,12.125,0.048956550833892984,5.670846394984326,36.375,287.5,17.96875,10,True,True
Philip Rivers,2018,1,4,Round 1,16,2. Efficient + no legs,0.875,-0.1875,1.0625,0.22665265377041222,7.260794473229707,34.1875,285.71999999999997,17.857499999999998,11,True,True
Cam Newton,2018,1,1,Round 1,14,1. Efficient + legs,35.857142857142854,22.0,13.857142857142858,0.0692171237007925,5.805660377358491,35.785714285714285,284.0,20.285714285714285,12,True,True
Kirk Cousins,2018,4,102,Day 3,16,4. Inefficient + no legs,8.0625,2.0625,6.0,-0.03229738147227657,6.084302325581396,40.5,282.81999999999994,17.676249999999996,13,False,True
Tom Brady,2018,6,199,Day 3,16,2. Efficient + no legs,2.6875,0.625,2.0625,0.149485534191431,7.026186579378069,36.875,280.5,17.53125,14,False,True
Mitchell Trubisky,2018,1,2,Round 1,14,1. Efficient + legs,30.928571428571427,8.071428571428571,22.857142857142858,0.15244877790316985,6.22680412371134,32.92857142857143,264.21999999999997,18.87285714285714,15,False,True
Eli Manning,2018,1,1,Round 1,16,4. Inefficient + no legs,1.5,0.5,1.0,0.03625608300201154,5.735905044510385,39.1875,240.36,15.0225,16,False,True
Baker Mayfield,2018,1,1,Round 1,14,4. Inefficient + no legs,10.214285714285714,0.07142857142857142,10.142857142857142,0.05602256292486988,6.411111111111111,36.785714285714285,239.3,17.092857142857145,17,False,True
Derek Carr,2018,2,36,Day 2,16,4. Inefficient + no legs,3.5625,0.375,3.1875,-0.0011360784336628988,5.670261941448382,37.375,217.66,13.60375,18,False,True
Case Keenum,2018,,,Undrafted,16,4. Inefficient + no legs,6.3125,0.5625,5.75,-0.029897857059623785,5.107033639143731,38.75,215.7,13.48125,19,False,True
Matthew Stafford,2018,1,1,Round 1,16,4. Inefficient + no legs,5.0,0.4375,4.5625,0.001084183681560181,5.411302982731554,37.3125,213.08,13.3175,20,False,True
Josh Allen,2018,1,7,Round 1,11,3. Inefficient + legs,53.083333333333336,10.75,42.333333333333336,-0.022531876931875645,3.9654255319148937,29.0,207.46,17.288333333333334,21,False,True
Jameis Winston,2018,1,1,Round 1,10,1. Efficient + legs,25.90909090909091,2.727272727272727,23.181818181818183,0.13381611481055233,5.956221198156682,37.0,196.18,17.834545454545456,22,False,True
Carson Wentz,2018,1,2,Round 1,11,2. Efficient + no legs,9.181818181818182,0.7272727272727273,8.454545454545455,0.09044597688884494,6.4437229437229435,39.18181818181818,193.05999999999997,17.550909090909087,23,False,True
Andy Dalton,2018,2,35,Day 2,10,4. Inefficient + no legs,9.181818181818182,0.18181818181818182,9.0,0.06436446123392861,5.762962962962963,34.90909090909091,174.73999999999998,15.885454545454543,24,False,True
Blake Bortles,2018,1,3,Round 1,11,3. Inefficient + legs,28.46153846153846,8.384615384615385,20.076923076923077,-0.07458917306723722,4.946466809421842,33.53846153846154,173.72,13.363076923076923,25,False,False
Marcus Mariota,2018,1,2,Round 1,13,3. Inefficient + legs,26.0,7.928571428571429,18.071428571428573,0.04500078628426921,5.15625,26.714285714285715,173.52,12.394285714285715,26,False,False
Sam Darnold,2018,1,3,Round 1,13,3. Inefficient + legs,11.384615384615385,2.5384615384615383,8.846153846153847,-0.05036999062044029,4.9071729957805905,34.15384615384615,169.4,13.03076923076923,27,False,False
Alex Smith,2018,1,1,Round 1,10,3. Inefficient + legs,17.3,4.2,13.1,-0.02329958514345245,5.482479784366577,34.9,138.5,13.85,30,False,False
Ryan Tannehill,2018,1,8,Round 1,11,3. Inefficient + legs,14.0,7.545454545454546,6.454545454545454,-0.16791527096148162,4.766763848396502,28.0,136.56,12.414545454545454,32,False,False
Josh Rosen,2018,1,10,Round 1,13,4. Inefficient + no legs,10.357142857142858,0.0,10.357142857142858,-0.3261077119906417,3.2049689440993787,31.285714285714285,113.62,8.115714285714287,34,False,False
Lamar Jackson,2019,1,32,Round 1,15,1. Efficient + legs,81.73333333333333,56.4,25.333333333333332,0.3678712673789756,7.7825112107623315,28.2,417.67999999999995,27.84533333333333,1,True,True
Dak Prescott,2019,4,135,Day 3,16,1. Efficient + legs,17.9375,8.8125,9.125,0.19740163619441536,7.552099533437014,38.75,338.78000000000003,21.173750000000002,2,True,True
Russell Wilson,2019,3,75,Day 2,16,1. Efficient + legs,22.3125,1.375,20.9375,0.12109455486102645,6.851063829787234,35.1875,328.09999999999997,20.506249999999998,3,True,True
Deshaun Watson,2019,1,12,Round 1,15,1. Efficient + legs,28.266666666666666,8.133333333333333,20.133333333333333,0.15258642180498214,6.142611683848798,35.86666666666667,314.48,20.965333333333334,4,True,True
Jameis Winston,2019,1,1,Round 1,16,1. Efficient + legs,16.375,0.875,15.5,0.06782501460705619,5.737864077669903,42.125,306.56,19.16,5,True,True
Josh Allen,2019,1,7,Round 1,15,3. Inefficient + legs,32.6875,13.125,19.5625,0.011571246737716178,5.311567164179104,31.125,289.86,18.11625,6,True,True
Patrick Mahomes,2019,1,10,Round 1,13,1. Efficient + legs,16.428571428571427,1.2142857142857142,15.214285714285714,0.28106914643418546,8.090558766859345,35.857142857142854,288.24,20.58857142857143,7,True,True
Kyler Murray,2019,1,1,Round 1,16,3. Inefficient + legs,34.875,22.75,12.125,-0.009909480876610099,5.138147566718995,36.8125,286.68,17.9175,8,True,True
Aaron Rodgers,2019,1,24,Round 1,16,1. Efficient + legs,12.625,-0.0625,12.6875,0.0977446843176728,6.320872274143302,37.875,280.28000000000003,17.517500000000002,9,True,True
Carson Wentz,2019,1,2,Round 1,16,3. Inefficient + legs,15.75,4.75,11.0,0.03749765765881938,5.914956011730205,40.3125,276.76,17.2975,10,True,True
Matt Ryan,2019,1,3,Round 1,15,3. Inefficient + legs,10.4,0.4,10.0,0.04100389762710981,5.64245810055866,44.53333333333333,268.24,17.88266666666667,11,True,True
Tom Brady,2019,6,199,Day 3,16,4. Inefficient + no legs,2.875,0.8125,2.0625,0.027400943861738584,5.96711509715994,40.125,264.88,16.555,12,True,True
Jimmy Garoppolo,2019,2,62,Day 2,16,2. Efficient + no legs,4.875,1.375,3.5,0.15856068816515642,6.72,32.125,248.92000000000002,15.557500000000001,13,False,True
Jared Goff,2019,1,1,Round 1,16,2. Efficient + no legs,3.3125,0.9375,2.375,0.09499713460803885,6.2414307004470935,40.5625,248.82,15.55125,14,False,True
Kirk Cousins,2019,4,102,Day 3,15,2. Efficient + no legs,4.733333333333333,1.4,3.3333333333333335,0.16823742287748258,7.250497017892644,31.666666666666668,245.22,16.348,15,False,True
Derek Carr,2019,2,36,Day 2,16,2. Efficient + no legs,5.5625,0.75,4.8125,0.15151774625372755,6.894736842105263,33.8125,245.06,15.31625,16,False,True
Ryan Fitzpatrick,2019,7,250,Day 3,13,3. Inefficient + legs,17.266666666666666,-0.5333333333333333,17.8,0.04219947665981985,5.377358490566038,36.2,243.06,16.204,17,False,True
Philip Rivers,2019,1,4,Round 1,16,2. Efficient + no legs,1.875,-0.1875,2.0625,0.09230017745777923,6.016742770167427,38.9375,235.60000000000002,14.725000000000001,18,False,True
Gardner Minshew,2019,6,178,Day 3,14,3. Inefficient + legs,25.428571428571427,0.42857142857142855,25.0,-0.008364968493348494,5.9944444444444445,36.214285714285715,230.44,16.46,19,False,True
Baker Mayfield,2019,1,1,Round 1,16,4. Inefficient + no legs,9.0,0.625,8.375,-0.011350503745090333,4.9462540716612375,35.875,229.48000000000002,14.342500000000001,20,False,True
Ryan Tannehill,2019,1,8,Round 1,10,1. Efficient + legs,18.272727272727273,3.272727272727273,15.0,0.22408393723587308,7.803468208092486,28.636363636363637,225.78,20.525454545454547,21,False,True
Drew Brees,2019,2,32,Day 2,10,2. Efficient + no legs,0.2727272727272727,0.2727272727272727,0.0,0.24088845139859177,8.165829145728644,35.09090909090909,225.46,20.496363636363636,22,False,True
Jacoby Brissett,2019,3,91,Day 2,14,3. Inefficient + legs,15.8,2.4,13.4,0.017629849702229743,5.75751503006012,31.466666666666665,217.38,14.491999999999999,23,False,True
Daniel Jones,2019,1,6,Round 1,12,3. Inefficient + legs,21.76923076923077,4.230769230769231,17.53846153846154,-0.04991463445434148,4.966542750929368,38.46153846153846,215.38,16.567692307692308,24,False,True
Andy Dalton,2019,2,35,Day 2,13,4. Inefficient + no legs,6.538461538461538,2.1538461538461537,4.384615384615385,-0.03214640819456212,4.916247906197655,43.07692307692308,204.26,15.712307692307691,25,False,False
Mitchell Trubisky,2019,1,2,Round 1,14,3. Inefficient + legs,13.266666666666667,5.2,8.066666666666666,-0.054553795695570284,4.735593220338983,36.8,203.42,13.561333333333332,26,False,False
Sam Darnold,2019,1,3,Round 1,13,4. Inefficient + no legs,5.923076923076923,0.9230769230769231,5.0,-0.018950426517574333,5.131889763779528,36.53846153846154,190.65999999999997,14.666153846153843,27,False,False
Kyle Allen,2019,,,Undrafted,13,4. Inefficient + no legs,8.538461538461538,0.8461538461538461,7.6923076923076925,-0.04144578796009289,4.3728522336769755,41.23076923076923,177.98,13.69076923076923,28,False,False
Mason Rudolph,2019,3,76,Day 2,10,4. Inefficient + no legs,4.9,-0.1,5.0,-0.09964889566955705,4.764331210191083,29.9,109.5,10.95,30,False,False
Josh Allen,2020,1,7,Round 1,16,1. Efficient + legs,27.5625,13.1875,14.375,0.28654373815717465,7.48,37.4375,389.86,24.36625,1,True,True
Aaron Rodgers,2020,1,24,Round 1,16,2. Efficient + no legs,9.8125,0.5,9.3125,0.34095462658485065,8.618117229129663,33.9375,383.66,23.97875,2,True,True
Patrick Mahomes,2020,1,10,Round 1,15,1. Efficient + legs,21.666666666666668,2.2,19.466666666666665,0.2947224713018239,8.017350157728707,40.8,382.1,25.473333333333336,3,True,True
Kyler Murray,2020,1,1,Round 1,15,1. Efficient + legs,52.375,26.0625,26.3125,0.0774802105308468,6.229372937293729,36.1875,380.64000000000004,23.790000000000003,4,True,True
Deshaun Watson,2020,1,12,Round 1,16,1. Efficient + legs,28.375,3.6875,24.6875,0.21538042572735946,7.569875776397516,37.1875,370.31999999999994,23.144999999999996,5,True,True
Russell Wilson,2020,3,75,Day 2,16,1. Efficient + legs,33.125,4.4375,28.6875,0.13161435711117495,6.318529862174579,37.875,361.48,22.5925,6,True,True
Ryan Tannehill,2020,1,8,Round 1,16,1. Efficient + legs,17.0625,7.8125,9.25,0.25485633986429135,7.516007532956685,31.6875,344.06,21.50375,7,True,True
Tom Brady,2020,6,199,Day 3,16,2. Efficient + no legs,1.125,0.625,0.5,0.1868518852551754,7.3076923076923075,39.3125,339.12,21.195,8,True,True
Justin Herbert,2020,1,6,Round 1,15,1. Efficient + legs,16.133333333333333,6.866666666666666,9.266666666666667,0.14028646224094465,6.5167173252279635,41.733333333333334,333.64,22.242666666666665,9,True,True
Lamar Jackson,2020,1,32,Round 1,15,1. Efficient + legs,67.46666666666667,43.8,23.666666666666668,0.17670608228942106,6.277777777777778,26.866666666666667,333.48,22.232000000000003,10,True,True
Kirk Cousins,2020,4,102,Day 3,16,2. Efficient + no legs,10.25,1.625,8.625,0.16448678447173581,6.896321070234114,34.9375,307.0,19.1875,11,True,True
Matt Ryan,2020,1,3,Round 1,16,2. Efficient + no legs,6.25,-0.25,6.5,0.10119853672131347,6.125352112676056,41.8125,283.24,17.7025,12,True,True
Derek Carr,2020,2,36,Day 2,15,2. Efficient + no legs,9.375,1.625,7.75,0.0934255193019989,7.222614840989399,33.75,273.12,17.07,13,False,True
Ben Roethlisberger,2020,1,11,Round 1,15,2. Efficient + no legs,1.8,0.4,1.4,0.07373049028864206,6.105015673981192,41.666666666666664,268.82,17.921333333333333,14,False,True
Matthew Stafford,2020,1,1,Round 1,15,2. Efficient + no legs,7.4375,0.125,7.3125,0.11908417692346786,6.4891846921797,35.1875,261.26,16.32875,15,False,True
Cam Newton,2020,1,1,Round 1,15,3. Inefficient + legs,40.13333333333333,27.8,12.333333333333334,-0.02795282054092072,5.062937062937063,26.533333333333335,250.48000000000002,16.698666666666668,16,False,True
Baker Mayfield,2020,1,1,Round 1,16,1. Efficient + legs,11.25,1.75,9.5,0.16940714884996183,6.668539325842697,31.75,248.52,15.5325,17,False,True
Teddy Bridgewater,2020,1,32,Round 1,15,1. Efficient + legs,19.066666666666666,0.9333333333333333,18.133333333333333,0.09534333472275659,6.016245487364621,34.86666666666667,241.92,16.128,18,False,True
Jared Goff,2020,1,1,Round 1,15,4. Inefficient + no legs,7.733333333333333,1.2,6.533333333333333,0.018646267848268377,6.040201005025126,38.266666666666666,241.68,16.112000000000002,19,False,True
Philip Rivers,2020,1,4,Round 1,16,2. Efficient + no legs,0.375,0.1875,0.1875,0.16637838179305253,6.958620689655173,35.0625,241.35999999999999,15.084999999999999,20,False,True
Drew Brees,2020,2,32,Day 2,12,2. Efficient + no legs,0.8333333333333334,0.5833333333333334,0.25,0.15154786012413315,7.380722891566265,33.5,210.68,17.55666666666667,21,False,True
Carson Wentz,2020,1,2,Round 1,12,3. Inefficient + legs,23.166666666666668,7.75,15.416666666666666,-0.13026316979236882,3.577490774907749,41.0,198.60000000000002,16.55,22,False,True
Drew Lock,2020,2,42,Day 2,12,3. Inefficient + legs,13.23076923076923,3.230769230769231,10.0,-0.08814104101197118,5.082815734989648,35.69230769230769,182.51999999999998,14.04,23,False,True
Daniel Jones,2020,1,6,Round 1,14,3. Inefficient + legs,31.285714285714285,18.857142857142858,12.428571428571429,-0.04766120984162463,4.50278293135436,35.285714285714285,181.51999999999998,12.965714285714284,24,False,True
Joe Burrow,2020,1,1,Round 1,10,1. Efficient + legs,14.6,6.3,8.3,0.06838107672190515,5.359139784946237,43.3,174.11999999999998,17.412,25,False,False
Sam Darnold,2020,1,3,Round 1,12,3. Inefficient + legs,18.666666666666668,1.25,17.416666666666668,-0.17575582682772845,3.831408775981524,33.166666666666664,134.72,11.226666666666667,31,False,False
Josh Allen,2021,1,7,Round 1,17,1. Efficient + legs,45.529411764705884,19.647058823529413,25.88235294117647,0.16760393620216418,6.1169757489301,39.705882352941174,401.67999999999995,23.628235294117644,1,True,True
Justin Herbert,2021,1,6,Round 1,17,1. Efficient + legs,18.529411764705884,2.1176470588235294,16.41176470588235,0.1712501517991036,6.601351351351352,41.705882352941174,380.06,22.356470588235293,2,True,True
Tom Brady,2021,6,199,Day 3,17,2. Efficient + no legs,5.294117647058823,0.8235294117647058,4.470588235294118,0.18818133199989373,7.207349081364829,43.529411764705884,375.64,22.09647058823529,3,True,True
Patrick Mahomes,2021,1,10,Round 1,17,1. Efficient + legs,23.352941176470587,-0.23529411764705882,23.58823529411765,0.21526575818525712,6.78041958041958,40.411764705882355,363.26,21.368235294117646,4,True,True
Aaron Rodgers,2021,1,24,Round 1,16,2. Efficient + no legs,7.125,0.1875,6.9375,0.24334038279389317,7.6179966044142615,34.9375,334.0,20.875,5,True,True
Matthew Stafford,2021,1,1,Round 1,17,2. Efficient + no legs,3.588235294117647,0.7058823529411765,2.8823529411764706,0.18962951887108398,7.075301204819277,37.294117647058826,331.54,19.502352941176472,6,True,True
Dak Prescott,2021,4,135,Day 3,16,2. Efficient + no legs,8.875,0.875,8.0,0.17229255703438032,6.951588502269289,39.4375,320.16,20.01,7,True,True
Joe Burrow,2021,1,1,Round 1,16,2. Efficient + no legs,7.875,1.25,6.625,0.1714891432329986,6.898713826366559,35.6875,315.04,19.69,8,True,True
Jalen Hurts,2021,2,53,Day 2,15,1. Efficient + legs,53.0,25.266666666666666,27.733333333333334,0.08462190479272408,5.997938144329897,30.6,313.26,20.884,9,True,True
Kirk Cousins,2021,4,102,Day 3,16,2. Efficient + no legs,8.125,0.375,7.75,0.10967492007007393,7.104065040650407,36.6875,301.84000000000003,18.865000000000002,10,True,True
Kyler Murray,2021,1,1,Round 1,14,1. Efficient + legs,31.0,15.642857142857142,15.357142857142858,0.13776084539016997,6.478899082568807,36.714285714285715,300.88,21.49142857142857,11,True,True
Ryan Tannehill,2021,1,8,Round 1,17,3. Inefficient + legs,16.41176470588235,5.352941176470588,11.058823529411764,0.06010926037043995,5.1152,34.0,269.26,15.838823529411764,12,True,True
Carson Wentz,2021,1,2,Round 1,17,3. Inefficient + legs,13.411764705882353,2.5294117647058822,10.882352941176471,0.023676101484791566,6.097602739726027,32.470588235294116,259.32,15.254117647058823,13,False,True
Derek Carr,2021,2,36,Day 2,17,4. Inefficient + no legs,6.9411764705882355,0.6470588235294118,6.294117647058823,0.03974845022130244,6.222379603399434,39.1764705882353,257.96,15.174117647058821,14,False,True
Russell Wilson,2021,3,75,Day 2,14,3. Inefficient + legs,13.428571428571429,1.5,11.928571428571429,0.032855758638386204,6.5747863247863245,31.071428571428573,243.32,17.38,15,False,True
Lamar Jackson,2021,1,32,Round 1,11,3. Inefficient + legs,64.33333333333333,32.0,32.333333333333336,0.057100053028925644,5.287581699346405,35.083333333333336,240.48000000000002,20.040000000000003,16,False,True
Jimmy Garoppolo,2021,2,62,Day 2,15,2. Efficient + no legs,3.933333333333333,2.466666666666667,1.4666666666666666,0.16124944891403964,6.965863453815261,31.266666666666666,228.3,15.22,17,False,True
Mac Jones,2021,1,15,Round 1,17,2. Efficient + no legs,8.647058823529411,2.411764705882353,6.235294117647059,0.06778135134523516,5.908304498269896,32.35294117647059,226.73999999999998,13.337647058823528,18,False,True
Matt Ryan,2021,1,3,Round 1,17,4. Inefficient + no legs,5.411764705882353,0.7647058823529411,4.647058823529412,-0.03323585548303227,5.544461778471139,35.35294117647059,223.92,13.171764705882353,19,False,True
Taylor Heinicke,2021,,,Undrafted,16,3. Inefficient + legs,20.125,2.8125,17.3125,-0.05216560176860223,5.028070175438597,33.25,222.95999999999998,13.934999999999999,20,False,True
Ben Roethlisberger,2021,1,11,Round 1,16,4. Inefficient + no legs,1.0625,-0.0625,1.125,-0.06933046576543236,5.103801169590644,40.375,219.29999999999998,13.706249999999999,21,False,True
Teddy Bridgewater,2021,1,32,Round 1,13,2. Efficient + no legs,8.0,0.9285714285714286,7.071428571428571,0.11941636936364541,5.877800407331976,32.857142857142854,203.27999999999997,14.519999999999998,22,False,True
Trevor Lawrence,2021,1,1,Round 1,17,3. Inefficient + legs,20.176470588235293,6.411764705882353,13.764705882352942,-0.08968862334377609,4.308383233532934,37.411764705882355,199.94,11.761176470588236,23,False,True
Jared Goff,2021,1,1,Round 1,14,4. Inefficient + no legs,6.214285714285714,1.4285714285714286,4.785714285714286,-0.06008722332122588,5.292553191489362,37.785714285714285,194.5,13.892857142857142,24,False,True
Tua Tagovailoa,2021,1,5,Round 1,11,3. Inefficient + legs,10.615384615384615,1.0,9.615384615384615,0.06350303385651784,5.526806526806527,31.46153846153846,181.92000000000002,13.993846153846155,25,False,False
Baker Mayfield,2021,1,1,Round 1,14,4. Inefficient + no legs,10.142857142857142,0.7857142857142857,9.357142857142858,-0.01661549840803003,4.9425742574257425,33.0,180.6,12.9,26,False,False
Daniel Jones,2021,1,6,Round 1,10,3. Inefficient + legs,27.90909090909091,14.363636363636363,13.545454545454545,-0.0291286469785398,5.3160493827160495,34.81818181818182,165.82,15.074545454545454,27,False,False
Sam Darnold,2021,1,3,Round 1,12,3. Inefficient + legs,19.416666666666668,3.8333333333333335,15.583333333333334,-0.14893936610555916,4.020964360587002,36.833333333333336,158.38,13.198333333333332,28,False,False
Davis Mills,2021,3,67,Day 2,13,4. Inefficient + no legs,3.6153846153846154,0.38461538461538464,3.230769230769231,-0.12663660212007305,5.116483516483516,32.61538461538461,157.26,12.096923076923076,29,False,False
Zach Wilson,2021,1,2,Round 1,12,3. Inefficient + legs,14.538461538461538,0.5384615384615384,14.0,-0.1934637213819016,3.4862579281183934,33.0,152.26000000000002,11.712307692307693,30,False,False
Justin Fields,2021,1,11,Round 1,10,3. Inefficient + legs,35.5,4.916666666666667,30.583333333333332,-0.12311369640816554,3.8117647058823527,25.333333333333332,127.4,10.616666666666667,31,False,False
Patrick Mahomes,2022,1,10,Round 1,17,1. Efficient + legs,21.529411764705884,1.1764705882352942,20.352941176470587,0.29110420460378333,7.598862019914652,39.8235294117647,416.6,24.50588235294118,1,True,True
Josh Allen,2022,1,7,Round 1,16,1. Efficient + legs,49.1875,17.5625,31.625,0.21747623946913092,6.62085308056872,37.5,398.02,24.87625,2,True,True
Jalen Hurts,2022,2,53,Day 2,15,1. Efficient + legs,52.06666666666667,30.666666666666668,21.4,0.12475498326616884,6.778398510242086,33.266666666666666,380.14,25.342666666666666,3,True,True
Joe Burrow,2022,1,1,Round 1,16,1. Efficient + legs,17.375,4.6875,12.6875,0.14917688090138473,6.323699421965318,40.6875,352.8,22.05,4,True,True
Geno Smith,2022,2,39,Day 2,17,3. Inefficient + legs,22.235294117647058,4.235294117647059,18.0,0.03852743661260497,6.073684210526316,36.411764705882355,305.08,17.945882352941176,5,True,True
Justin Fields,2022,1,11,Round 1,15,3. Inefficient + legs,76.66666666666667,33.86666666666667,42.8,-0.07221411123662345,4.0,25.133333333333333,296.68,19.778666666666666,6,True,True
Trevor Lawrence,2022,1,1,Round 1,17,1. Efficient + legs,17.647058823529413,4.764705882352941,12.882352941176471,0.144761743404559,6.338006230529595,36.1764705882353,296.52,17.44235294117647,7,True,True
Kirk Cousins,2022,4,102,Day 3,17,4. Inefficient + no legs,6.470588235294118,0.058823529411764705,6.411764705882353,0.04081990758390521,5.663043478260869,40.588235294117645,292.88,17.228235294117646,8,True,True
Daniel Jones,2022,1,6,Round 1,16,3. Inefficient + legs,45.1875,19.9375,25.25,0.06076448324079672,5.442652329749104,32.125,290.5,18.15625,9,True,True
Jared Goff,2022,1,1,Round 1,17,2. Efficient + no legs,4.882352941176471,0.23529411764705882,4.647058823529412,0.1567114119763031,7.183254344391785,35.88235294117647,283.82,16.69529411764706,10,True,True
Justin Herbert,2022,1,6,Round 1,17,4. Inefficient + no legs,9.705882352941176,1.2941176470588236,8.411764705882353,0.027061344904011027,5.921188630490956,43.294117647058826,282.06,16.591764705882355,11,True,True
Tom Brady,2022,6,199,Day 3,17,4. Inefficient + no legs,0.7058823529411765,0.47058823529411764,0.23529411764705882,0.04840026551442682,5.934615384615385,44.588235294117645,272.96,16.056470588235292,12,True,True
Aaron Rodgers,2022,1,24,Round 1,17,4. Inefficient + no legs,6.470588235294118,0.47058823529411764,6.0,-0.006252776632190828,5.629324546952224,33.8235294117647,240.8,14.164705882352942,13,False,True
Lamar Jackson,2022,1,32,Round 1,11,3. Inefficient + legs,64.66666666666667,47.583333333333336,17.083333333333332,0.04996331460324461,5.695767195767195,29.333333333333332,237.28,19.773333333333333,14,False,True
Tua Tagovailoa,2022,1,5,Round 1,12,2. Efficient + no legs,5.923076923076923,0.07692307692307693,5.846153846153846,0.2176432203366302,7.975113122171946,32.38461538461539,231.61999999999998,17.816923076923075,15,False,True
Russell Wilson,2022,3,75,Day 2,15,3. Inefficient + legs,18.933333333333334,4.4,14.533333333333333,-0.07521823395643842,5.0269814502529515,35.86666666666667,225.36,15.024000000000001,16,False,True
Derek Carr,2022,2,36,Day 2,15,4. Inefficient + no legs,7.066666666666666,0.6666666666666666,6.4,0.03059775854673892,5.690518783542039,35.46666666666667,219.48,14.632,17,False,True
Kyler Murray,2022,1,1,Round 1,10,3. Inefficient + legs,38.45454545454545,19.636363636363637,18.818181818181817,-0.004357425783524448,4.832957110609481,38.0,201.01999999999998,18.274545454545454,18,False,True
Dak Prescott,2022,4,135,Day 3,12,1. Efficient + legs,15.916666666666666,9.666666666666666,6.25,0.07931487447248985,5.804147465437788,34.5,199.5,16.625,19,False,True
Marcus Mariota,2022,1,2,Round 1,13,3. Inefficient + legs,34.38461538461539,19.0,15.384615384615385,0.0022173279311197046,5.4209039548022595,25.076923076923077,197.45999999999998,15.189230769230768,20,False,True
Davis Mills,2022,3,67,Day 2,15,4. Inefficient + no legs,7.8,0.7333333333333333,7.066666666666666,-0.13298801970712484,4.68450184501845,34.06666666666667,182.42,12.161333333333333,21,False,True
Andy Dalton,2022,2,35,Day 2,14,4. Inefficient + no legs,4.642857142857143,0.8571428571428571,3.7857142857142856,0.018560729744804414,6.146853146853147,28.857142857142858,175.34,12.524285714285714,22,False,True
Mac Jones,2022,1,15,Round 1,13,4. Inefficient + no legs,9.428571428571429,1.2142857142857142,8.214285714285714,-0.06900820933366349,4.982421875,34.142857142857146,173.07999999999998,12.362857142857141,23,False,True
Jacoby Brissett,2022,3,91,Day 2,11,1. Efficient + legs,17.642857142857142,3.4285714285714284,14.214285714285714,0.0758241381610762,5.8265060240963855,27.928571428571427,169.01999999999998,12.072857142857142,24,False,True
Jimmy Garoppolo,2022,2,62,Day 2,10,2. Efficient + no legs,3.4545454545454546,2.4545454545454546,1.0,0.1869512899122013,7.200581395348837,29.636363636363637,165.28000000000003,15.025454545454549,25,False,False
Ryan Tannehill,2022,1,8,Round 1,12,2. Efficient + no legs,9.083333333333334,1.3333333333333333,7.75,0.06782510540559913,5.851662404092072,29.833333333333332,162.34,13.528333333333334,26,False,False
Matt Ryan,2022,1,3,Round 1,12,4. Inefficient + no legs,6.416666666666667,-0.25,6.666666666666667,-0.08497998395757715,4.564814814814815,41.833333333333336,155.98,12.998333333333333,27,False,False
Kenny Pickett,2022,1,20,Round 1,11,3. Inefficient + legs,18.76923076923077,3.5384615384615383,15.23076923076923,-0.0019503199117975292,4.407657657657658,32.07692307692308,150.56,11.581538461538461,28,False,False
Baker Mayfield,2022,1,1,Round 1,12,4. Inefficient + no legs,7.833333333333333,1.0,6.833333333333333,-0.14124799641053012,4.388206388206388,30.916666666666668,121.92,10.16,29,False,False
Josh Allen,2023,1,7,Round 1,17,1. Efficient + legs,31.352941176470587,10.0,21.352941176470587,0.1667381424082199,6.248407643312102,35.529411764705884,393.54,23.149411764705885,1,True,True
Jalen Hurts,2023,2,53,Day 2,16,1. Efficient + legs,36.1764705882353,17.235294117647058,18.941176470588236,0.09525927701942519,5.599018003273322,33.8235294117647,357.82,21.048235294117646,2,True,True
Dak Prescott,2023,4,135,Day 3,17,1. Efficient + legs,14.764705882352942,3.7058823529411766,11.058823529411764,0.206985612978377,6.829850746268657,37.11764705882353,343.74,20.22,3,True,True
Lamar Jackson,2023,1,32,Round 1,16,1. Efficient + legs,51.875,24.375,27.5,0.10375037403751193,6.826741996233522,30.875,332.12,20.7575,4,True,True
Jordan Love,2023,1,26,Round 1,17,1. Efficient + legs,15.235294117647058,3.2941176470588234,11.941176470588236,0.1318380145053571,6.356807511737089,35.8235294117647,320.26,18.838823529411766,5,True,True
Brock Purdy,2023,7,262,Day 3,16,2. Efficient + no legs,9.6875,1.0625,8.625,0.3114983769361967,8.55533199195171,29.3125,296.7,18.54375,6,True,True
Jared Goff,2023,1,1,Round 1,17,2. Efficient + no legs,2.2941176470588234,0.47058823529411764,1.8235294117647058,0.10457313932538394,6.663663663663663,37.411764705882355,290.9,17.11176470588235,7,True,True
Patrick Mahomes,2023,1,10,Round 1,16,1. Efficient + legs,25.8125,0.3125,25.5,0.09563592841430109,6.020030816640986,38.875,282.62,17.66375,8,True,True
Baker Mayfield,2023,1,1,Round 1,17,1. Efficient + legs,10.764705882352942,0.6470588235294118,10.117647058823529,0.07282269424403313,6.043143297380586,35.8235294117647,276.06,16.238823529411764,9,True,True
C.J. Stroud,2023,1,2,Round 1,15,1. Efficient + legs,10.733333333333333,0.9333333333333333,9.8,0.10817651520978626,7.013986013986014,35.6,274.42,18.294666666666668,10,True,True
Tua Tagovailoa,2023,1,5,Round 1,17,2. Efficient + no legs,4.9411764705882355,-0.17647058823529413,5.117647058823529,0.17426852545210683,7.124595469255663,34.64705882352941,271.36,15.962352941176471,11,True,True
Trevor Lawrence,2023,1,1,Round 1,16,3. Inefficient + legs,22.0,1.5,20.5,-0.010166037585178141,5.623233908948195,37.625,261.84,16.365,12,True,True
Russell Wilson,2023,3,75,Day 2,15,3. Inefficient + legs,23.933333333333334,6.266666666666667,17.666666666666668,-0.045209857772605166,5.544776119402985,32.733333333333334,258.70000000000005,17.24666666666667,13,False,True
Sam Howell,2023,5,144,Day 3,17,3. Inefficient + legs,15.705882352941176,1.6470588235294117,14.058823529411764,-0.1326995577061089,3.9946236559139785,39.94117647058823,256.53999999999996,15.090588235294115,14,False,True
Derek Carr,2023,2,36,Day 2,16,4. Inefficient + no legs,3.588235294117647,0.5882352941176471,3.0,0.05105283935160769,6.209150326797386,34.1764705882353,243.22,14.307058823529411,15,False,True
Matthew Stafford,2023,1,1,Round 1,15,2. Efficient + no legs,5.0,0.13333333333333333,4.866666666666666,0.09247190039502409,6.445783132530121,36.733333333333334,242.1,16.14,16,False,True
Justin Herbert,2023,1,6,Round 1,12,3. Inefficient + legs,18.76923076923077,0.3076923076923077,18.46153846153846,0.051423315041101744,5.798058252427184,37.38461538461539,233.76000000000002,17.981538461538463,17,False,True
Justin Fields,2023,1,11,Round 1,13,3. Inefficient + legs,51.15384615384615,23.46153846153846,27.692307692307693,-0.03975710639485093,4.765217391304348,32.0,230.98000000000002,17.767692307692307,18,False,True
Geno Smith,2023,2,39,Day 2,15,1. Efficient + legs,10.933333333333334,0.4666666666666667,10.466666666666667,0.07723233746754175,6.0608228980322005,35.2,227.36,15.157333333333334,19,False,True
Joshua Dobbs,2023,4,135,Day 3,13,3. Inefficient + legs,32.76923076923077,11.153846153846153,21.615384615384617,-0.11528223059781652,4.285416666666666,34.61538461538461,201.16,15.473846153846154,20,False,True
Gardner Minshew,2023,6,178,Day 3,15,4. Inefficient + no legs,7.125,0.0625,7.0625,-0.0010819966838394451,5.3707664884135475,32.9375,197.6,12.35,21,False,True
Desmond Ridder,2023,3,74,Day 2,12,3. Inefficient + legs,13.4,4.8,8.6,-0.06653592799175607,5.1862527716186255,28.0,177.54,11.836,22,False,True
Bryce Young,2023,1,1,Round 1,16,3. Inefficient + legs,16.0625,-0.125,16.1875,-0.22815794367135828,3.3333333333333335,36.8125,156.77999999999997,9.798749999999998,23,False,True
Aidan O'Connell,2023,4,135,Day 3,10,4. Inefficient + no legs,1.5454545454545454,1.5454545454545454,0.0,-0.06031916335251614,5.038363171355499,33.36363636363637,126.42000000000002,11.492727272727274,28,False,False
Zach Wilson,2023,1,2,Round 1,11,3. Inefficient + legs,18.0,0.16666666666666666,17.833333333333332,-0.24791486333781906,3.869281045751634,34.416666666666664,120.44,10.036666666666667,29,False,False
Kenny Pickett,2023,1,20,Round 1,10,4. Inefficient + no legs,6.416666666666667,0.5,5.916666666666667,-0.11862172211446373,4.964864864864865,28.916666666666668,112.5,9.375,30,False,False
Mac Jones,2023,1,15,Round 1,11,4. Inefficient + no legs,9.272727272727273,1.5454545454545454,7.7272727272727275,-0.17156111323758144,4.2384615384615385,33.45454545454545,107.0,9.727272727272727,31,False,False
Lamar Jackson,2024,1,32,Round 1,17,1. Efficient + legs,54.529411764705884,30.352941176470587,24.176470588235293,0.3512838925043156,9.019342359767892,29.058823529411764,431.58,25.38705882352941,1,True,True
Joe Burrow,2024,1,1,Round 1,17,1. Efficient + legs,12.470588235294118,0.4117647058823529,12.058823529411764,0.16513486090569834,6.8024032042723634,41.23529411764706,373.92,21.99529411764706,2,True,True
Josh Allen,2024,1,7,Round 1,16,1. Efficient + legs,33.6875,9.75,23.9375,0.30545217439194006,7.74559686888454,31.0625,373.14,23.32125,3,True,True
Baker Mayfield,2024,1,1,Round 1,17,1. Efficient + legs,22.705882352941178,1.0588235294117647,21.647058823529413,0.194283011114239,6.674846625766871,36.0,366.6,21.564705882352943,4,True,True
Jayden Daniels,2024,1,2,Round 1,15,1. Efficient + legs,53.05882352941177,19.11764705882353,33.94117647058823,0.17752486210077809,5.956521739130435,31.058823529411764,356.92,20.99529411764706,5,True,True
Jared Goff,2024,1,1,Round 1,17,2. Efficient + no legs,4.235294117647059,0.17647058823529413,4.0588235294117645,0.2782302009542795,7.671118530884808,33.411764705882355,318.35999999999996,18.727058823529408,6,True,True
Jalen Hurts,2024,2,53,Day 2,14,1. Efficient + legs,43.266666666666666,18.933333333333334,24.333333333333332,0.16955027378525597,6.331807780320366,26.6,317.02,21.134666666666664,7,True,True
Bo Nix,2024,1,12,Round 1,17,3. Inefficient + legs,26.352941176470587,5.117647058823529,21.235294117647058,0.05929808388965954,5.88130081300813,34.76470588235294,311.8,18.341176470588238,8,True,True
Sam Darnold,2024,1,3,Round 1,17,1. Efficient + legs,13.705882352941176,0.6470588235294118,13.058823529411764,0.08380984786294432,6.464898595943838,34.88235294117647,310.06,18.238823529411764,9,True,True
Kyler Murray,2024,1,1,Round 1,17,1. Efficient + legs,34.1764705882353,13.176470588235293,21.0,0.11112866282585251,5.926666666666667,33.529411764705884,298.14,17.537647058823527,10,True,True
Justin Herbert,2024,1,6,Round 1,17,1. Efficient + legs,20.058823529411764,1.7647058823529411,18.294117647058822,0.13474539046680822,6.742320819112628,32.05882352941177,288.90000000000003,16.994117647058825,11,True,True
Patrick Mahomes,2024,1,10,Round 1,16,1. Efficient + legs,21.0625,0.25,20.8125,0.15533999196228856,5.687595712098009,38.5625,284.82,17.80125,12,True,True
Geno Smith,2024,2,39,Day 2,17,3. Inefficient + legs,16.823529411764707,1.7647058823529411,15.058823529411764,0.032246505785854813,5.488954344624448,37.0,267.4,15.729411764705882,13,False,True
Brock Purdy,2024,7,262,Day 3,15,1. Efficient + legs,21.866666666666667,1.8666666666666667,20.0,0.18404525368117136,6.955165692007797,32.13333333333333,267.36,17.824,14,False,True
Aaron Rodgers,2024,1,24,Round 1,17,4. Inefficient + no legs,6.529411764705882,0.47058823529411764,6.0588235294117645,0.006912161159868732,5.487256371814093,36.88235294117647,256.98,15.116470588235295,15,False,True
Caleb Williams,2024,1,1,Round 1,17,3. Inefficient + legs,29.11764705882353,6.117647058823529,23.0,-0.04944367537156783,4.552556818181818,37.411764705882355,255.14,15.008235294117647,16,False,True
Jordan Love,2024,1,26,Round 1,14,2. Efficient + no legs,6.0,0.3333333333333333,5.666666666666667,0.13702603519863527,7.234649122807017,29.466666666666665,234.56,15.637333333333334,17,False,True
C.J. Stroud,2024,1,2,Round 1,16,3. Inefficient + legs,14.294117647058824,-0.5882352941176471,14.882352941176471,-0.007046942018444775,5.006299212598425,34.294117647058826,221.38000000000002,13.022352941176472,18,False,True
Matthew Stafford,2024,1,1,Round 1,16,4. Inefficient + no legs,3.6875,1.3125,2.375,0.06714514875298808,6.2526132404181185,34.125,216.38,13.52375,19,False,True
Bryce Young,2024,1,1,Round 1,12,3. Inefficient + legs,18.214285714285715,-0.14285714285714285,18.357142857142858,-0.027280650718350456,4.767494356659142,29.571428571428573,195.62,13.972857142857142,20,False,True
Tua Tagovailoa,2024,1,5,Round 1,11,2. Efficient + no legs,4.909090909090909,-0.2727272727272727,5.181818181818182,0.22099314909310622,6.285067873303167,38.27272727272727,182.08,16.552727272727275,21,False,True
Kirk Cousins,2024,4,102,Day 3,14,4. Inefficient + no legs,1.4285714285714286,0.2857142857142857,1.1428571428571428,0.03365098877862793,5.824110671936759,34.142857142857146,178.32,12.737142857142857,22,False,True
Drake Maye,2024,1,3,Round 1,10,3. Inefficient + legs,32.53846153846154,1.2307692307692308,31.307692307692307,0.005696783917317239,4.6495098039215685,28.76923076923077,177.34000000000003,13.641538461538463,23,False,True
Russell Wilson,2024,3,75,Day 2,11,3. Inefficient + legs,15.0,1.7272727272727273,13.272727272727273,0.005636708585796872,5.8802992518703245,33.45454545454545,173.78,15.798181818181819,24,False,True
Anthony Richardson,2024,1,4,Round 1,10,3. Inefficient + legs,46.18181818181818,29.454545454545453,16.727272727272727,-0.11729841334650601,4.5326460481099655,25.181818181818183,163.36,14.850909090909092,25,False,False
Derek Carr,2024,2,36,Day 2,10,2. Efficient + no legs,7.3,2.3,5.0,0.1374817218024617,7.2885906040268456,29.0,151.10000000000002,15.110000000000003,26,False,False
Daniel Jones,2024,1,6,Round 1,10,3. Inefficient + legs,27.4,19.4,8.0,-0.08465551007960438,4.3575,37.1,136.2,13.62,28,False,False
Will Levis,2024,2,33,Day 2,10,3. Inefficient + legs,15.416666666666666,3.8333333333333335,11.583333333333334,-0.1635387787578873,4.0987012987012985,28.666666666666668,120.13999999999999,10.011666666666665,30,False,False
Josh Allen,2025,1,7,Round 1,16,1. Efficient + legs,37.4375,10.8125,26.625,0.16112850453603544,6.263736263736264,31.625,366.62,22.91375,1,True,True
Drake Maye,2025,1,3,Round 1,17,1. Efficient + legs,28.058823529411764,2.823529411764706,25.235294117647058,0.31770706903312695,7.5860306643952296,31.764705882352942,353.46,20.79176470588235,2,True,True
Matthew Stafford,2025,1,1,Round 1,17,2. Efficient + no legs,1.2941176470588236,0.0,1.2941176470588236,0.22313643752699108,7.9953125,36.294117647058826,352.47999999999996,20.73411764705882,3,True,True
Trevor Lawrence,2025,1,1,Round 1,17,1. Efficient + legs,21.705882352941178,3.4705882352941178,18.235294117647058,0.07974415891468252,5.928237129485179,35.294117647058826,339.17999999999995,19.95176470588235,4,True,True
Dak Prescott,2025,4,135,Day 3,16,1. Efficient + legs,11.117647058823529,0.7647058823529411,10.352941176470589,0.1733794872182448,6.788519637462236,37.11764705882353,314.98,18.52823529411765,5,True,True
Caleb Williams,2025,1,1,Round 1,17,1. Efficient + legs,23.529411764705884,2.176470588235294,21.352941176470587,0.10796474173029424,6.475728155339806,34.94117647058823,309.68,18.216470588235296,6,True,True
Bo Nix,2025,1,12,Round 1,17,1. Efficient + legs,21.941176470588236,3.8823529411764706,18.058823529411764,0.11774510900427279,5.783333333333333,37.529411764705884,306.54,18.031764705882352,7,True,True
Jalen Hurts,2025,2,53,Day 2,16,1. Efficient + legs,27.25,10.625,16.625,0.08267587770405524,6.318532818532819,30.375,302.56,18.91,8,True,True
Jared Goff,2025,1,1,Round 1,17,2. Efficient + no legs,3.1176470588235294,0.29411764705882354,2.823529411764706,0.17668877331730953,7.093558282208589,36.11764705882353,297.86,17.521176470588237,9,True,True
Justin Herbert,2025,1,6,Round 1,16,3. Inefficient + legs,31.875,4.4375,27.4375,0.05443848844500965,5.420967741935484,35.375,288.08000000000004,18.005000000000003,10,True,True
Patrick Mahomes,2025,1,10,Round 1,14,1. Efficient + legs,30.642857142857142,0.6428571428571429,30.0,0.1684195450234671,5.8476357267950965,38.357142857142854,286.38,20.455714285714286,11,True,True
Baker Mayfield,2025,1,1,Round 1,17,3. Inefficient + legs,23.0,1.0588235294117647,21.941176470588236,0.059431820989908395,5.619354838709677,34.35294117647059,272.82,16.048235294117646,12,True,True
Jaxson Dart,2025,1,25,Round 1,12,3. Inefficient + legs,35.142857142857146,14.428571428571429,20.714285714285715,0.0498201439273581,5.353658536585366,26.785714285714285,242.07999999999998,17.291428571428572,13,False,True
Sam Darnold,2025,1,3,Round 1,17,2. Efficient + no legs,6.352941176470588,1.1176470588235294,5.235294117647059,0.1340992955721999,7.054820415879017,29.529411764705884,238.71999999999997,14.04235294117647,14,False,True
Jordan Love,2025,1,26,Round 1,14,1. Efficient + legs,14.066666666666666,1.8666666666666667,12.2,0.26225385246050964,7.058091286307054,30.733333333333334,236.34,15.756,15,False,True
Aaron Rodgers,2025,1,24,Round 1,16,4. Inefficient + no legs,4.25,0.0,4.25,0.03466411509353912,5.9585585585585585,32.875,227.68,14.23,16,False,True
Jacoby Brissett,2025,3,91,Day 2,12,3. Inefficient + legs,12.071428571428571,1.4285714285714286,10.642857142857142,-0.0011176163877160872,5.546247818499127,37.857142857142854,227.54,16.252857142857142,17,False,True
Daniel Jones,2025,1,6,Round 1,12,1. Efficient + legs,12.923076923076923,1.5384615384615385,11.384615384615385,0.15103117660100632,6.874709976798144,31.46153846153846,226.84000000000003,17.449230769230773,18,False,True
Bryce Young,2025,1,1,Round 1,16,3. Inefficient + legs,14.625,0.875,13.75,-0.011933798921291287,5.204502814258912,31.625,219.84,13.74,19,False,True
Lamar Jackson,2025,1,32,Round 1,12,3. Inefficient + legs,27.615384615384617,10.76923076923077,16.846153846153847,0.060793674997457844,6.457219251336898,26.0,215.85999999999999,16.604615384615382,20,False,True
C.J. Stroud,2025,1,2,Round 1,13,1. Efficient + legs,15.285714285714286,1.4285714285714286,13.857142857142858,0.11152111117139833,6.1236673773987205,31.857142857142858,209.04,14.93142857142857,21,False,True
Cam Ward,2025,1,1,Round 1,16,4. Inefficient + no legs,9.941176470588236,1.0588235294117647,8.882352941176471,-0.16715381673962734,4.241112828438949,34.8235294117647,187.66,11.038823529411765,22,False,True
Geno Smith,2025,2,39,Day 2,15,4. Inefficient + no legs,7.666666666666667,0.4,7.266666666666667,-0.12966287605379911,4.005376344086022,33.53333333333333,174.5,11.633333333333333,24,False,True
Tua Tagovailoa,2025,1,5,Round 1,14,4. Inefficient + no legs,3.2857142857142856,0.14285714285714285,3.142857142857143,0.01604360074863443,4.921348314606742,29.642857142857142,161.0,11.5,25,False,False
Tyler Shough,2025,2,40,Day 2,10,3. Inefficient + legs,17.90909090909091,6.545454545454546,11.363636363636363,-0.004860278663752257,5.475452196382429,32.36363636363637,159.06,14.46,26,False,False
Joe Flacco,2025,1,18,Round 1,10,4. Inefficient + no legs,4.0,1.6923076923076923,2.3076923076923075,-0.10132765900091868,4.913333333333333,33.23076923076923,148.35999999999999,11.41230769230769,27,False,False
J.J. McCarthy,2025,1,10,Round 1,10,3. Inefficient + legs,19.1,3.5,15.6,-0.1510853227666139,3.8766666666666665,27.3,126.38,12.638,31,False,False
