qb_id,player_name,rd,pk,draft_day,seasons,med_rush_pg,med_designed_pg,med_scramble_pg,med_epa_db,med_fp_pg,qb1_seasons,best_rank,first_season,last_season,quadrant
00-0005106,Brett Favre,2,33,Day 2,3,1.2307692307692308,0.5625,1.0769230769230769,0.014523311484424697,11.9925,1,3,2008,2010,4. Inefficient + no legs
00-0007091,Matt Hasselbeck,6,187,Day 3,3,5.0,1.4285714285714286,3.5714285714285716,-0.055712146130389134,11.518571428571429,0,19,2009,2011,4. Inefficient + no legs
00-0010346,Peyton Manning,1,1,Round 1,6,0.9375,-0.09375,0.34375,0.242267334358868,18.758125,6,1,2008,2014,2. Efficient + no legs
00-0011022,Donovan McNabb,1,2,Round 1,3,11.071428571428571,1.0769230769230769,9.25,0.09468710669087531,15.26,2,8,2008,2010,1. Efficient + legs
00-0019596,Tom Brady,6,199,Day 3,14,2.78125,0.8541666666666667,2.0625,0.18751660862753455,18.661875000000002,11,2,2009,2022,2. Efficient + no legs
00-0020531,Drew Brees,2,32,Day 2,13,2.0,0.2727272727272727,1.5,0.15458604801520753,20.378666666666668,11,1,2008,2020,2. Efficient + no legs
00-0021231,David Garrard,4,108,Day 3,3,20.625,5.625,15.375,0.02581920826942006,13.86125,1,10,2008,2010,3. Inefficient + legs
00-0021429,Carson Palmer,1,1,Round 1,7,2.6,0.06666666666666667,2.5,0.03663375033693263,13.97125,1,5,2009,2016,4. Inefficient + no legs
00-0021678,Tony Romo,,,Undrafted,6,4.334134615384615,0.0625,4.185096153846153,0.1346124802894211,17.382333333333335,6,6,2008,2014,2. Efficient + no legs
00-0022787,Matt Schaub,3,90,Day 2,5,2.25,0.3125,1.75,0.14828571203321522,15.876,2,4,2008,2012,2. Efficient + no legs
00-0022803,Eli Manning,1,1,Round 1,11,2.375,0.0,2.5625,0.06934371907332858,14.548750000000002,5,6,2008,2018,2. Efficient + no legs
00-0022924,Ben Roethlisberger,1,11,Round 1,13,5.4,0.4,5.0,0.14772362520491547,17.53066666666667,5,3,2008,2021,2. Efficient + no legs
00-0022942,Philip Rivers,1,4,Round 1,13,2.5625,-0.0625,2.875,0.17465491136768532,16.86,9,3,2008,2020,2. Efficient + no legs
00-0023436,Alex Smith,1,1,Round 1,9,17.2,2.3636363636363638,13.1,0.05940094472999595,14.693333333333333,1,4,2009,2018,3. Inefficient + legs
00-0023459,Aaron Rodgers,1,24,Round 1,15,17.125,0.5,12.6875,0.19716600682325133,20.378666666666668,12,1,2008,2025,1. Efficient + legs
00-0023460,Jason Campbell,1,25,Round 1,3,17.0625,1.3076923076923077,14.875,0.0255910918564301,12.568750000000001,0,13,2008,2010,3. Inefficient + legs
00-0023541,Kyle Orton,4,106,Day 3,4,4.375,0.5360576923076923,3.63125,0.01629266994953469,14.120000000000001,0,16,2008,2014,4. Inefficient + no legs
00-0023662,Matt Cassel,7,230,Day 3,3,13.266666666666667,2.4375,10.8,0.12365361831867293,15.336,2,7,2008,2010,1. Efficient + legs
00-0023682,Ryan Fitzpatrick,7,250,Day 3,9,17.266666666666666,2.0,14.8125,-0.009510472665562231,15.068333333333333,2,11,2008,2019,3. Inefficient + legs
00-0024226,Jay Cutler,1,11,Round 1,9,13.4375,0.8,9.625,-0.01403022490621251,14.296249999999999,2,4,2008,2017,3. Inefficient + legs
00-0026143,Matt Ryan,1,3,Round 1,15,7.625,0.375,6.666666666666667,0.1115132218102871,15.606250000000003,8,2,2008,2022,2. Efficient + no legs
00-0026158,Joe Flacco,1,18,Round 1,11,4.25,1.125,3.375,0.00270700595926493,13.0175,1,11,2008,2025,4. Inefficient + no legs
00-0026197,Chad Henne,2,57,Day 2,3,4.533333333333333,1.2666666666666666,4.066666666666666,-0.012550899004020677,10.581333333333333,0,23,2009,2013,4. Inefficient + no legs
00-0026498,Matthew Stafford,1,1,Round 1,14,5.9375,0.375,5.589583333333334,0.06916257458931949,17.131875,8,3,2009,2025,2. Efficient + no legs
00-0026898,Mark Sanchez,1,5,Round 1,4,7.270833333333334,0.9979166666666667,6.10625,-0.13903252391914844,11.226666666666667,1,10,2009,2012,4. Inefficient + no legs
00-0026993,Josh Freeman,1,17,Round 1,3,16.466666666666665,2.3333333333333335,14.133333333333333,0.05064925488485805,15.681250000000002,1,7,2010,2012,3. Inefficient + legs
00-0027854,Sam Bradford,1,1,Round 1,5,4.4,0.0,4.4,-0.0029553472110980376,14.0,0,16,2010,2016,4. Inefficient + no legs
00-0027939,Cam Newton,1,1,Round 1,9,40.13333333333333,24.857142857142858,13.857142857142858,0.0692171237007925,18.861250000000002,6,1,2011,2020,1. Efficient + legs
00-0027973,Andy Dalton,2,35,Day 2,10,9.59090909090909,1.6875,7.75,0.0053737201051937845,15.739278846153844,3,5,2011,2022,4. Inefficient + no legs
00-0027974,Colin Kaepernick,2,36,Day 2,3,40.9375,9.125,30.272727272727273,0.03438258396759655,16.57375,1,9,2013,2016,3. Inefficient + legs
00-0028118,Tyrod Taylor,6,180,Day 3,3,39.06666666666667,13.428571428571429,23.733333333333334,0.10948389686445269,18.101333333333333,1,8,2015,2017,1. Efficient + legs
00-0029263,Russell Wilson,3,75,Day 2,13,24.6875,6.266666666666667,20.5,0.12109455486102645,17.38,9,1,2012,2024,1. Efficient + legs
00-0029604,Kirk Cousins,4,102,Day 3,9,6.8125,1.625,6.0,0.10967492007007393,17.676249999999996,6,5,2015,2024,2. Efficient + no legs
00-0029668,Andrew Luck,1,1,Round 1,5,17.8125,0.8125,17.6875,0.12154039336614111,20.5075,5,2,2012,2018,1. Efficient + legs
00-0029701,Ryan Tannehill,1,8,Round 1,10,14.65625,5.4889705882352935,8.264423076923077,0.030869965062883135,15.388786764705882,3,7,2012,2022,3. Inefficient + legs
00-0030565,Geno Smith,2,39,Day 2,6,17.01890756302521,2.7752100840336134,14.243697478991596,0.008724975575534399,13.611166666666668,1,5,2013,2025,3. Inefficient + legs
00-0031237,Teddy Bridgewater,1,32,Round 1,4,14.867788461538462,0.930952380952381,13.653846153846153,0.0659758766136325,14.212307692307691,0,18,2014,2021,3. Inefficient + legs
00-0031280,Derek Carr,2,36,Day 2,11,6.533333333333333,0.6666666666666666,5.066666666666666,0.03974845022130244,15.110000000000003,1,9,2014,2024,4. Inefficient + no legs
00-0031345,Jimmy Garoppolo,2,62,Day 2,3,3.933333333333333,2.4545454545454546,1.4666666666666666,0.16124944891403964,15.22,0,13,2019,2022,2. Efficient + no legs
00-0031407,Blake Bortles,1,3,Round 1,5,22.75,8.384615384615385,16.1875,-0.03294455119315221,15.673749999999998,2,4,2014,2018,3. Inefficient + legs
00-0031503,Jameis Winston,1,1,Round 1,5,14.4375,0.625,13.8125,0.08941250212979696,17.29875,1,5,2015,2019,1. Efficient + legs
00-0032268,Marcus Mariota,1,2,Round 1,5,24.066666666666666,11.933333333333334,14.416666666666666,0.018488056474873796,15.189230769230768,0,13,2015,2022,3. Inefficient + legs
00-0032950,Carson Wentz,1,2,Round 1,6,14.580882352941178,3.639705882352941,10.941176470588236,0.037160238738477694,16.92375,2,5,2016,2021,3. Inefficient + legs
00-0033077,Dak Prescott,4,135,Day 3,8,16.927083333333332,6.15625,10.705882352941178,0.17283602212631255,18.291617647058825,7,2,2016,2025,1. Efficient + legs
00-0033106,Jared Goff,1,1,Round 1,9,4.333333333333333,0.4,4.0588235294117645,0.1567114119763031,17.110666666666663,6,6,2017,2025,2. Efficient + no legs
00-0033119,Jacoby Brissett,3,91,Day 2,4,16.3375,1.9142857142857141,13.807142857142857,0.008256116657256828,13.712250000000001,0,17,2017,2025,3. Inefficient + legs
00-0033537,Deshaun Watson,1,12,Round 1,3,28.375,8.133333333333333,24.6875,0.15258642180498214,20.965333333333334,3,4,2018,2020,1. Efficient + legs
00-0033869,Mitchell Trubisky,1,2,Round 1,3,21.25,5.2,17.833333333333332,-0.054553795695570284,13.561333333333332,0,15,2017,2019,3. Inefficient + legs
00-0033873,Patrick Mahomes,1,10,Round 1,8,21.598039215686278,0.9096638655462186,20.582720588235293,0.2481674523097213,20.97840336134454,8,1,2018,2025,1. Efficient + legs
00-0034796,Lamar Jackson,1,32,Round 1,7,64.33333333333333,32.0,24.176470588235293,0.10375037403751193,20.7575,4,1,2019,2025,1. Efficient + legs
00-0034855,Baker Mayfield,1,1,Round 1,8,10.489495798319329,0.8928571428571428,9.808823529411764,0.05772719195738914,15.790367647058822,3,4,2018,2025,3. Inefficient + legs
00-0034857,Josh Allen,1,7,Round 1,8,35.5625,11.96875,24.909926470588236,0.16717103930519206,23.23533088235294,7,1,2018,2025,1. Efficient + legs
00-0034869,Sam Darnold,1,3,Round 1,6,12.54524886877828,1.1838235294117647,10.952488687782806,-0.03466020856900731,13.6203431372549,1,9,2018,2025,3. Inefficient + legs
00-0035228,Kyler Murray,1,1,Round 1,5,34.875,19.636363636363637,18.818181818181817,0.0774802105308468,18.274545454545454,4,4,2019,2024,1. Efficient + legs
00-0035710,Daniel Jones,1,6,Round 1,6,27.654545454545456,16.61038961038961,12.987012987012987,-0.03839492841008221,15.821118881118881,1,9,2019,2025,3. Inefficient + legs
00-0036212,Tua Tagovailoa,1,5,Round 1,5,4.9411764705882355,0.07692307692307693,5.181818181818182,0.17426852545210683,15.962352941176471,1,11,2021,2025,2. Efficient + no legs
00-0036264,Jordan Love,1,26,Round 1,3,14.066666666666666,1.8666666666666667,11.941176470588236,0.13702603519863527,15.756,1,5,2023,2025,1. Efficient + legs
00-0036355,Justin Herbert,1,6,Round 1,6,18.64932126696833,1.9411764705882353,17.352941176470587,0.09459193945590894,17.993269230769233,5,2,2020,2025,1. Efficient + legs
00-0036389,Jalen Hurts,2,53,Day 2,5,43.266666666666666,18.933333333333334,21.4,0.09525927701942519,21.048235294117646,5,2,2021,2025,1. Efficient + legs
00-0036442,Joe Burrow,1,1,Round 1,4,13.535294117647059,2.96875,10.179411764705883,0.15715587090354155,20.84264705882353,3,2,2020,2024,1. Efficient + legs
00-0036945,Justin Fields,1,11,Round 1,3,51.15384615384615,23.46153846153846,30.583333333333332,-0.07221411123662345,17.767692307692307,1,6,2021,2023,3. Inefficient + legs
00-0036971,Trevor Lawrence,1,1,Round 1,4,20.941176470588236,4.117647058823529,16.0,0.03478906066475219,16.903676470588234,3,4,2021,2025,3. Inefficient + legs
00-0036972,Mac Jones,1,15,Round 1,3,9.272727272727273,1.5454545454545454,7.7272727272727275,-0.06900820933366349,12.362857142857141,0,18,2021,2023,4. Inefficient + no legs
00-0039150,Bryce Young,1,1,Round 1,3,16.0625,-0.125,16.1875,-0.027280650718350456,13.74,0,19,2023,2025,3. Inefficient + legs
00-0039163,C.J. Stroud,1,2,Round 1,3,14.294117647058824,0.9333333333333333,13.857142857142858,0.10817651520978626,14.93142857142857,1,10,2023,2025,1. Efficient + legs
