season,team,head_coach,off_playcaller,off_playcaller_role,def_playcaller,def_playcaller_role,confidence,source,note
2015,ARI,Bruce Arians,,,,,,,
2015,ATL,Dan Quinn,,,,,,,
2015,BAL,John Harbaugh,,,,,,,
2015,BUF,Rex Ryan,,,,,,,
2015,CAR,Ron Rivera,,,,,,,
2015,CHI,John Fox,,,,,,,
2015,CIN,Marvin Lewis,,,,,,,
2015,CLE,Mike Pettine,,,,,,,
2015,DAL,Jason Garrett,,,,,,,
2015,DEN,Gary Kubiak,,,,,,,
2015,DET,Jim Caldwell,,,,,,,
2015,GB,Mike McCarthy,,,,,,,
2015,HOU,Bill O'Brien,,,,,,,
2015,IND,Chuck Pagano,,,,,,,
2015,JAX,Gus Bradley,,,,,,,
2015,KC,Andy Reid,,,,,,,
2015,LA,Jeff Fisher,,,,,,,
2015,LAC,Mike McCoy,,,,,,,
2015,LV,Jack Del Rio,,,,,,,
2015,MIA,Joe Philbin,,,,,,,
2015,MIN,Mike Zimmer,,,,,,,
2015,NE,Bill Belichick,,,,,,,
2015,NO,Sean Payton,,,,,,,
2015,NYG,Tom Coughlin,,,,,,,
2015,NYJ,Todd Bowles,,,,,,,
2015,PHI,Chip Kelly,,,,,,,
2015,PIT,Mike Tomlin,,,,,,,
2015,SEA,Pete Carroll,,,,,,,
2015,SF,Jim Tomsula,,,,,,,
2015,TB,Lovie Smith,,,,,,,
2015,TEN,Ken Whisenhunt,,,,,,,
2015,WAS,Jay Gruden,,,,,,,
2016,ARI,Bruce Arians,,,,,,,
2016,ATL,Dan Quinn,,,,,,,
2016,BAL,John Harbaugh,,,,,,,
2016,BUF,Rex Ryan,,,,,,,
2016,CAR,Ron Rivera,,,,,,,
2016,CHI,John Fox,,,,,,,
2016,CIN,Marvin Lewis,,,,,,,
2016,CLE,Hue Jackson,,,,,,,
2016,DAL,Jason Garrett,,,,,,,
2016,DEN,Gary Kubiak,,,,,,,
2016,DET,Jim Caldwell,,,,,,,
2016,GB,Mike McCarthy,,,,,,,
2016,HOU,Bill O'Brien,,,,,,,
2016,IND,Chuck Pagano,,,,,,,
2016,JAX,Gus Bradley,,,,,,,
2016,KC,Andy Reid,,,,,,,
2016,LA,Jeff Fisher,,,,,,,
2016,LAC,Mike McCoy,,,,,,,
2016,LV,Jack Del Rio,,,,,,,
2016,MIA,Adam Gase,,,,,,,
2016,MIN,Mike Zimmer,,,,,,,
2016,NE,Bill Belichick,,,,,,,
2016,NO,Sean Payton,,,,,,,
2016,NYG,Ben McAdoo,,,,,,,
2016,NYJ,Todd Bowles,,,,,,,
2016,PHI,Doug Pederson,,,,,,,
2016,PIT,Mike Tomlin,,,,,,,
2016,SEA,Pete Carroll,,,,,,,
2016,SF,Chip Kelly,,,,,,,
2016,TB,Dirk Koetter,,,,,,,
2016,TEN,Mike Mularkey,,,,,,,
2016,WAS,Jay Gruden,,,,,,,
2017,ARI,Bruce Arians,,,,,,,
2017,ATL,Dan Quinn,,,,,,,
2017,BAL,John Harbaugh,,,,,,,
2017,BUF,Sean McDermott,,,,,,,
2017,CAR,Ron Rivera,,,,,,,
2017,CHI,John Fox,,,,,,,
2017,CIN,Marvin Lewis,,,,,,,
2017,CLE,Hue Jackson,,,,,,,
2017,DAL,Jason Garrett,,,,,,,
2017,DEN,Vance Joseph,,,,,,,
2017,DET,Jim Caldwell,,,,,,,
2017,GB,Mike McCarthy,,,,,,,
2017,HOU,Bill O'Brien,,,,,,,
2017,IND,Chuck Pagano,,,,,,,
2017,JAX,Doug Marrone,,,,,,,
2017,KC,Andy Reid,,,,,,,
2017,LA,Sean McVay,,,,,,,
2017,LAC,Anthony Lynn,,,,,,,
2017,LV,Jack Del Rio,,,,,,,
2017,MIA,Adam Gase,,,,,,,
2017,MIN,Mike Zimmer,,,,,,,
2017,NE,Bill Belichick,,,,,,,
2017,NO,Sean Payton,,,,,,,
2017,NYG,Ben McAdoo,,,,,,,
2017,NYJ,Todd Bowles,,,,,,,
2017,PHI,Doug Pederson,,,,,,,
2017,PIT,Mike Tomlin,,,,,,,
2017,SEA,Pete Carroll,,,,,,,
2017,SF,Kyle Shanahan,,,,,,,
2017,TB,Dirk Koetter,,,,,,,
2017,TEN,Mike Mularkey,,,,,,,
2017,WAS,Jay Gruden,,,,,,,
2018,ARI,Steve Wilks,,,,,,,
2018,ATL,Dan Quinn,,,,,,,
2018,BAL,John Harbaugh,,,,,,,
2018,BUF,Sean McDermott,,,,,,,
2018,CAR,Ron Rivera,,,,,,,
2018,CHI,Matt Nagy,,,,,,,
2018,CIN,Marvin Lewis,,,,,,,
2018,CLE,Hue Jackson,,,,,,,
2018,DAL,Jason Garrett,,,,,,,
2018,DEN,Vance Joseph,,,,,,,
2018,DET,Matt Patricia,,,,,,,
2018,GB,Mike McCarthy,,,,,,,
2018,HOU,Bill O'Brien,,,,,,,
2018,IND,Frank Reich,,,,,,,
2018,JAX,Doug Marrone,,,,,,,
2018,KC,Andy Reid,,,,,,,
2018,LA,Sean McVay,,,,,,,
2018,LAC,Anthony Lynn,,,,,,,
2018,LV,Jon Gruden,,,,,,,
2018,MIA,Adam Gase,,,,,,,
2018,MIN,Mike Zimmer,,,,,,,
2018,NE,Bill Belichick,,,,,,,
2018,NO,Sean Payton,,,,,,,
2018,NYG,Pat Shurmur,,,,,,,
2018,NYJ,Todd Bowles,,,,,,,
2018,PHI,Doug Pederson,,,,,,,
2018,PIT,Mike Tomlin,,,,,,,
2018,SEA,Pete Carroll,,,,,,,
2018,SF,Kyle Shanahan,,,,,,,
2018,TB,Dirk Koetter,,,,,,,
2018,TEN,Mike Vrabel,,,,,,,
2018,WAS,Jay Gruden,,,,,,,
2019,ARI,Kliff Kingsbury,,,,,,,
2019,ATL,Dan Quinn,,,,,,,
2019,BAL,John Harbaugh,,,,,,,
2019,BUF,Sean McDermott,,,,,,,
2019,CAR,Ron Rivera,,,,,,,
2019,CHI,Matt Nagy,,,,,,,
2019,CIN,Zac Taylor,,,,,,,
2019,CLE,Freddie Kitchens,,,,,,,
2019,DAL,Jason Garrett,,,,,,,
2019,DEN,Vic Fangio,,,,,,,
2019,DET,Matt Patricia,,,,,,,
2019,GB,Matt LaFleur,,,,,,,
2019,HOU,Bill O'Brien,,,,,,,
2019,IND,Frank Reich,,,,,,,
2019,JAX,Doug Marrone,,,,,,,
2019,KC,Andy Reid,,,,,,,
2019,LA,Sean McVay,,,,,,,
2019,LAC,Anthony Lynn,,,,,,,
2019,LV,Jon Gruden,,,,,,,
2019,MIA,Brian Flores,,,,,,,
2019,MIN,Mike Zimmer,,,,,,,
2019,NE,Bill Belichick,,,,,,,
2019,NO,Sean Payton,,,,,,,
2019,NYG,Pat Shurmur,,,,,,,
2019,NYJ,Adam Gase,,,,,,,
2019,PHI,Doug Pederson,,,,,,,
2019,PIT,Mike Tomlin,,,,,,,
2019,SEA,Pete Carroll,,,,,,,
2019,SF,Kyle Shanahan,,,,,,,
2019,TB,Bruce Arians,,,,,,,
2019,TEN,Mike Vrabel,,,,,,,
2019,WAS,Bill Callahan,,,,,,,
2020,ARI,Kliff Kingsbury,,,,,,,
2020,ATL,Raheem Morris,,,,,,,
2020,BAL,John Harbaugh,,,,,,,
2020,BUF,Sean McDermott,,,,,,,
2020,CAR,Matt Rhule,,,,,,,
2020,CHI,Matt Nagy,,,,,,,
2020,CIN,Zac Taylor,,,,,,,
2020,CLE,Kevin Stefanski,,,,,,,
2020,DAL,Mike McCarthy,,,,,,,
2020,DEN,Vic Fangio,,,,,,,
2020,DET,Matt Patricia,,,,,,,
2020,GB,Matt LaFleur,,,,,,,
2020,HOU,Romeo Crennel,,,,,,,
2020,IND,Frank Reich,,,,,,,
2020,JAX,Doug Marrone,,,,,,,
2020,KC,Andy Reid,,,,,,,
2020,LA,Sean McVay,,,,,,,
2020,LAC,Anthony Lynn,,,,,,,
2020,LV,Jon Gruden,,,,,,,
2020,MIA,Brian Flores,,,,,,,
2020,MIN,Mike Zimmer,,,,,,,
2020,NE,Bill Belichick,,,,,,,
2020,NO,Sean Payton,,,,,,,
2020,NYG,Joe Judge,,,,,,,
2020,NYJ,Adam Gase,,,,,,,
2020,PHI,Doug Pederson,,,,,,,
2020,PIT,Mike Tomlin,,,,,,,
2020,SEA,Pete Carroll,,,,,,,
2020,SF,Kyle Shanahan,,,,,,,
2020,TB,Bruce Arians,,,,,,,
2020,TEN,Mike Vrabel,,,,,,,
2020,WAS,Ron Rivera,,,,,,,
2021,ARI,Kliff Kingsbury,,,,,,,
2021,ATL,Arthur Smith,,,,,,,
2021,BAL,John Harbaugh,,,,,,,
2021,BUF,Sean McDermott,,,,,,,
2021,CAR,Matt Rhule,,,,,,,
2021,CHI,Matt Nagy,,,,,,,
2021,CIN,Zac Taylor,,,,,,,
2021,CLE,Kevin Stefanski,,,,,,,
2021,DAL,Mike McCarthy,,,,,,,
2021,DEN,Vic Fangio,,,,,,,
2021,DET,Dan Campbell,,,,,,,
2021,GB,Matt LaFleur,,,,,,,
2021,HOU,David Culley,,,,,,,
2021,IND,Frank Reich,,,,,,,
2021,JAX,Urban Meyer,,,,,,,
2021,KC,Andy Reid,,,,,,,
2021,LA,Sean McVay,,,,,,,
2021,LAC,Brandon Staley,,,,,,,
2021,LV,Rich Bisaccia,,,,,,,
2021,MIA,Brian Flores,,,,,,,
2021,MIN,Mike Zimmer,,,,,,,
2021,NE,Bill Belichick,,,,,,,
2021,NO,Sean Payton,,,,,,,
2021,NYG,Joe Judge,,,,,,,
2021,NYJ,Robert Saleh,,,,,,,
2021,PHI,Nick Sirianni,,,,,,,
2021,PIT,Mike Tomlin,,,,,,,
2021,SEA,Pete Carroll,,,,,,,
2021,SF,Kyle Shanahan,,,,,,,
2021,TB,Bruce Arians,,,,,,,
2021,TEN,Mike Vrabel,,,,,,,
2021,WAS,Ron Rivera,,,,,,,
2022,ARI,Kliff Kingsbury,,,,,,,
2022,ATL,Arthur Smith,,,,,,,
2022,BAL,John Harbaugh,,,,,,,
2022,BUF,Sean McDermott,,,,,,,
2022,CAR,Steve Wilks,,,,,,,
2022,CHI,Matt Eberflus,,,,,,,
2022,CIN,Zac Taylor,,,,,,,
2022,CLE,Kevin Stefanski,,,,,,,
2022,DAL,Mike McCarthy,,,,,,,
2022,DEN,Nathaniel Hackett,,,,,,,
2022,DET,Dan Campbell,,,,,,,
2022,GB,Matt LaFleur,,,,,,,
2022,HOU,Lovie Smith,,,,,,,
2022,IND,Frank Reich,,,,,,,
2022,JAX,Doug Pederson,,,,,,,
2022,KC,Andy Reid,,,,,,,
2022,LA,Sean McVay,,,,,,,
2022,LAC,Brandon Staley,,,,,,,
2022,LV,Josh McDaniels,,,,,,,
2022,MIA,Mike McDaniel,,,,,,,
2022,MIN,Kevin O'Connell,,,,,,,
2022,NE,Bill Belichick,,,,,,,
2022,NO,Dennis Allen,,,,,,,
2022,NYG,Brian Daboll,,,,,,,
2022,NYJ,Robert Saleh,,,,,,,
2022,PHI,Nick Sirianni,,,,,,,
2022,PIT,Mike Tomlin,,,,,,,
2022,SEA,Pete Carroll,,,,,,,
2022,SF,Kyle Shanahan,,,,,,,
2022,TB,Todd Bowles,,,,,,,
2022,TEN,Mike Vrabel,,,,,,,
2022,WAS,Ron Rivera,,,,,,,
2023,ARI,Jonathan Gannon,,,,,,,
2023,ATL,Arthur Smith,,,,,,,
2023,BAL,John Harbaugh,,,,,,,
2023,BUF,Sean McDermott,,,,,,,
2023,CAR,Frank Reich,,,,,,,
2023,CHI,Matt Eberflus,,,,,,,
2023,CIN,Zac Taylor,,,,,,,
2023,CLE,Kevin Stefanski,,,,,,,
2023,DAL,Mike McCarthy,,,,,,,
2023,DEN,Sean Payton,,,,,,,
2023,DET,Dan Campbell,,,,,,,
2023,GB,Matt LaFleur,,,,,,,
2023,HOU,DeMeco Ryans,,,,,,,
2023,IND,Shane Steichen,,,,,,,
2023,JAX,Doug Pederson,,,,,,,
2023,KC,Andy Reid,,,,,,,
2023,LA,Sean McVay,,,,,,,
2023,LAC,Brandon Staley,,,,,,,
2023,LV,Antonio Pierce,,,,,,,
2023,MIA,Mike McDaniel,,,,,,,
2023,MIN,Kevin O'Connell,,,,,,,
2023,NE,Bill Belichick,,,,,,,
2023,NO,Dennis Allen,,,,,,,
2023,NYG,Brian Daboll,,,,,,,
2023,NYJ,Robert Saleh,,,,,,,
2023,PHI,Nick Sirianni,,,,,,,
2023,PIT,Mike Tomlin,,,,,,,
2023,SEA,Pete Carroll,,,,,,,
2023,SF,Kyle Shanahan,,,,,,,
2023,TB,Todd Bowles,,,,,,,
2023,TEN,Mike Vrabel,,,,,,,
2023,WAS,Ron Rivera,,,,,,,
2024,ARI,Jonathan Gannon,,,,,,,
2024,ATL,Raheem Morris,,,,,,,
2024,BAL,John Harbaugh,,,,,,,
2024,BUF,Sean McDermott,,,,,,,
2024,CAR,Dave Canales,,,,,,,
2024,CHI,Matt Eberflus,,,,,,,
2024,CIN,Zac Taylor,,,,,,,
2024,CLE,Kevin Stefanski,,,,,,,
2024,DAL,Mike McCarthy,,,,,,,
2024,DEN,Sean Payton,,,,,,,
2024,DET,Dan Campbell,,,,,,,
2024,GB,Matt LaFleur,,,,,,,
2024,HOU,DeMeco Ryans,,,,,,,
2024,IND,Shane Steichen,,,,,,,
2024,JAX,Doug Pederson,,,,,,,
2024,KC,Andy Reid,,,,,,,
2024,LA,Sean McVay,,,,,,,
2024,LAC,Jim Harbaugh,,,,,,,
2024,LV,Antonio Pierce,,,,,,,
2024,MIA,Mike McDaniel,,,,,,,
2024,MIN,Kevin O'Connell,,,,,,,
2024,NE,Jerod Mayo,,,,,,,
2024,NO,Dennis Allen,,,,,,,
2024,NYG,Brian Daboll,,,,,,,
2024,NYJ,Robert Saleh,,,,,,,
2024,PHI,Nick Sirianni,,,,,,,
2024,PIT,Mike Tomlin,,,,,,,
2024,SEA,Mike Macdonald,,,,,,,
2024,SF,Kyle Shanahan,,,,,,,
2024,TB,Todd Bowles,,,,,,,
2024,TEN,Brian Callahan,,,,,,,
2024,WAS,Dan Quinn,,,,,,,
2025,ARI,Jonathan Gannon,,,,,,,
2025,ATL,Raheem Morris,,,,,,,
2025,BAL,John Harbaugh,,,,,,,
2025,BUF,Sean McDermott,,,,,,,
2025,CAR,Dave Canales,,,,,,,
2025,CHI,Ben Johnson,,,,,,,
2025,CIN,Zac Taylor,,,,,,,
2025,CLE,Kevin Stefanski,,,,,,,
2025,DAL,Brian Schottenheimer,,,,,,,
2025,DEN,Sean Payton,,,,,,,
2025,DET,Dan Campbell,,,,,,,
2025,GB,Matt LaFleur,,,,,,,
2025,HOU,DeMeco Ryans,,,,,,,
2025,IND,Shane Steichen,,,,,,,
2025,JAX,Liam Coen,,,,,,,
2025,KC,Andy Reid,,,,,,,
2025,LA,Sean McVay,,,,,,,
2025,LAC,Jim Harbaugh,,,,,,,
2025,LV,Pete Carroll,,,,,,,
2025,MIA,Mike McDaniel,,,,,,,
2025,MIN,Kevin O'Connell,,,,,,,
2025,NE,Mike Vrabel,,,,,,,
2025,NO,Kellen Moore,,,,,,,
2025,NYG,Brian Daboll,,,,,,,
2025,NYJ,Aaron Glenn,,,,,,,
2025,PHI,Nick Sirianni,,,,,,,
2025,PIT,Mike Tomlin,,,,,,,
2025,SEA,Mike Macdonald,,,,,,,
2025,SF,Kyle Shanahan,,,,,,,
2025,TB,Todd Bowles,,,,,,,
2025,TEN,Brian Callahan,,,,,,,
2025,WAS,Dan Quinn,,,,,,,
2026,ARI,Jonathan Gannon,Nathaniel Hackett,OC,Nick Rallis,DC,user_supplied,"user-supplied coordinator list, 2026-09-07",
2026,ATL,Raheem Morris,Tommy Rees,OC,Jeff Ulbrich,DC,user_supplied,"user-supplied coordinator list, 2026-09-07",
2026,BAL,Jesse Minter,Declan Doyle,OC,Anthony Weaver,DC,user_supplied,"user-supplied coordinator list, 2026-09-07",
2026,BUF,Sean McDermott,Pete Carmichael Jr.,OC,Jim Leonhard,DC,user_supplied,"user-supplied coordinator list, 2026-09-07",
2026,CAR,Dave Canales,Brad Idzik,OC,Ejiro Evero,DC,user_supplied,"user-supplied coordinator list, 2026-09-07",
2026,CHI,Ben Johnson,Press Taylor,OC,Dennis Allen,DC,user_supplied,"user-supplied coordinator list, 2026-09-07",
2026,CIN,Zac Taylor,Dan Pitcher,OC,Al Golden,DC,user_supplied,"user-supplied coordinator list, 2026-09-07",
2026,CLE,Todd Monken,Travis Switzer,OC,Mike Rutenberg,DC,user_supplied,"user-supplied coordinator list, 2026-09-07",
2026,DAL,Brian Schottenheimer,Klayton Adams,OC,Christian Parker,DC,user_supplied,"user-supplied coordinator list, 2026-09-07",
2026,DEN,Sean Payton,Davis Webb,OC,Vance Joseph,DC,user_supplied,"user-supplied coordinator list, 2026-09-07",
2026,DET,Dan Campbell,Drew Petzing,OC,Kelvin Sheppard,DC,user_supplied,"user-supplied coordinator list, 2026-09-07",
2026,GB,Matt LaFleur,Adam Stenavich,OC,Jonathan Gannon,DC,user_supplied,"user-supplied coordinator list, 2026-09-07",
2026,HOU,DeMeco Ryans,Nick Caley,OC,Matt Burke,DC,user_supplied,"user-supplied coordinator list, 2026-09-07",
2026,IND,Shane Steichen,Jim Bob Cooter,OC,Lou Anarumo,DC,user_supplied,"user-supplied coordinator list, 2026-09-07",
2026,JAX,Liam Coen,Grant Udinski,OC,Anthony Campanile,DC,user_supplied,"user-supplied coordinator list, 2026-09-07",
2026,KC,Andy Reid,Eric Bieniemy,OC,Steve Spagnuolo,DC,user_supplied,"user-supplied coordinator list, 2026-09-07",
2026,LA,Sean McVay,Nathan Scheelhaase,OC,Chris Shula,DC,user_supplied,"user-supplied coordinator list, 2026-09-07",
2026,LAC,Jim Harbaugh,Mike McDaniel,OC,Chris O'Leary,DC,user_supplied,"user-supplied coordinator list, 2026-09-07",
2026,LV,Klint Kubliak,Andrew Janocko,OC,Rob Leonard,DC,user_supplied,"user-supplied coordinator list, 2026-09-07",
2026,MIA,Jeff Hafley,Bobby Slowik,OC,Sean Duggan,DC,user_supplied,"user-supplied coordinator list, 2026-09-07",
2026,MIN,Kevin O'Connell,Wes Phillips,OC,Brian Flores,DC,user_supplied,"user-supplied coordinator list, 2026-09-07",
2026,NE,Mike Vrabel,Josh McDaniels,OC,Zak Kuhr,DC,user_supplied,"user-supplied coordinator list, 2026-09-07",
2026,NO,Kellen Moore,Doug Nussmeier,OC,Brandon Staley,DC,user_supplied,"user-supplied coordinator list, 2026-09-07",
2026,NYG,John Harbaugh,Matt Nagy,OC,Dennard Wilson,DC,user_supplied,"user-supplied coordinator list, 2026-09-07",
2026,NYJ,Aaron Glenn,Frank Reich,OC,Brian Duker,DC,user_supplied,"user-supplied coordinator list, 2026-09-07",
2026,PHI,Nick Sirianni,Sean Mannion,OC,Vic Fangio,DC,user_supplied,"user-supplied coordinator list, 2026-09-07",
2026,PIT,Mike McCarthy,Brian Angelichio,OC,Patrick Graham,DC,user_supplied,"user-supplied coordinator list, 2026-09-07",
2026,SEA,Mike Macdonald,Brian Fleury,OC,Aden Durde,DC,user_supplied,"user-supplied coordinator list, 2026-09-07",
2026,SF,Kyle Shanahan,Klay Kubiak,OC,Raheem Morris,DC,user_supplied,"user-supplied coordinator list, 2026-09-07",
2026,TB,Todd Bowles,Zac Robinson,OC,Todd Bowles,DC,user_supplied,"user-supplied coordinator list, 2026-09-07",
2026,TEN,Robert Saleh,Brian Daboll,OC,Gus Bradley,DC,user_supplied,"user-supplied coordinator list, 2026-09-07",
2026,WAS,Dan Quinn,David Blough,OC,Daronte Jones,DC,user_supplied,"user-supplied coordinator list, 2026-09-07",
